{
  "weights": {
    "cost": 0.0,
    "tardiness": 1.0
  },
  "status": "Feasible",
  "objective": 5.9908334,
  "time": 35996.66438317299,
  "routes": [
    {
      "id": 1,
      "route": [
        0,
        14,
        1,
        6,
        4,
        8,
        12,
        21
      ],
      "arrival": [
        null,
        1.6016291,
        4.2014988,
        6.5393226,
        6.975738,
        9.1749158,
        9.9914417,
        10.928509
      ],
      "departure": [
        0.81522751,
        2.6731333,
        5.6064447,
        6.622656,
        7.1586333,
        9.2582491,
        10.074775,
        null
      ],
      "service": [
        null,
        2.5898,
        5.5231114,
        6.5393226,
        7.0753,
        9.1749158,
        9.9914417,
        null
      ],
      "trips": [
        {
          "id": 1,
          "route": [
            0,
            9,
            14
          ],
          "arrival": [
            null,
            1.1607558,
            1.7985608
          ],
          "departure": [
            0.81522751,
            1.6067333,
            null
          ],
          "service": [
            null,
            1.5234,
            null
          ]
        },
        {
          "id": 2,
          "route": [
            1,
            17,
            6
          ],
          "arrival": [
            null,
            6.1389346,
            6.5897781
          ],
          "departure": [
            5.6064447,
            6.4911333,
            null
          ],
          "service": [
            null,
            6.4078,
            null
          ]
        },
        {
          "id": 3,
          "route": [
            8,
            19,
            12
          ],
          "arrival": [
            null,
            9.4931435,
            10.058108
          ],
          "departure": [
            9.226882,
            9.5931435,
            null
          ],
          "service": [
            null,
            9.5098102,
            null
          ]
        }
      ]
    },
    {
      "id": 2,
      "route": [
        0,
        3,
        15,
        18,
        7,
        10,
        21
      ],
      "arrival": [
        null,
        1.7199671,
        4.7506834,
        7.6719278,
        9.5783802,
        10.860183,
        11.635581
      ],
      "departure": [
        0.0,
        3.3858333,
        4.8340168,
        7.7552611,
        9.6617135,
        10.943516,
        null
      ],
      "service": [
        null,
        3.3025,
        4.7506834,
        7.6719278,
        9.5783802,
        10.860183,
        null
      ],
      "trips": []
    },
    {
      "id": 3,
      "route": [
        0,
        16,
        2,
        5,
        11,
        13,
        21
      ],
      "arrival": [
        null,
        2.3929708,
        9.0916342,
        9.7757001,
        11.307325,
        13.394321,
        14.300419
      ],
      "departure": [
        1.300419,
        7.7101755,
        9.1749675,
        9.8590334,
        11.390658,
        13.477654,
        null
      ],
      "service": [
        null,
        7.6268422,
        9.0916342,
        9.7757001,
        11.307325,
        13.394321,
        null
      ],
      "trips": [
        {
          "id": 1,
          "route": [
            16,
            20,
            2
          ],
          "arrival": [
            null,
            8.1940459,
            9.0749675
          ],
          "departure": [
            7.7101755,
            8.782392,
            null
          ],
          "service": [
            null,
            8.3176,
            null
          ]
        }
      ]
    }
  ]
}