{
  "weights": {
    "cost": 0.0,
    "tardiness": 1.0
  },
  "status": "Feasible",
  "objective": 4.7162701,
  "time": 35994.86273312569,
  "routes": [
    {
      "id": 1,
      "route": [
        0,
        6,
        17,
        18,
        19,
        14,
        21
      ],
      "arrival": [
        null,
        2.1535731,
        2.8527059,
        7.7219488,
        8.9339275,
        12.016001,
        14.13583
      ],
      "departure": [
        1.1358303,
        2.2369064,
        5.7847067,
        7.8052821,
        9.0172608,
        12.099334,
        null
      ],
      "service": [
        null,
        2.1535731,
        5.6948,
        7.7219488,
        8.9339275,
        12.016001,
        null
      ],
      "trips": []
    },
    {
      "id": 2,
      "route": [
        0,
        15,
        1,
        5,
        2,
        20,
        7,
        21
      ],
      "arrival": [
        null,
        7.0955872,
        8.5031972,
        9.1133368,
        10.69051,
        10.996461,
        11.765874,
        13.570942
      ],
      "departure": [
        5.9963581,
        7.1789206,
        8.5865305,
        9.1966701,
        10.773843,
        11.079794,
        11.849207,
        null
      ],
      "service": [
        null,
        7.0955872,
        8.5031972,
        9.1133368,
        10.69051,
        10.996461,
        11.765874,
        null
      ],
      "trips": [
        {
          "id": 1,
          "route": [
            0,
            4,
            21
          ],
          "arrival": [
            null,
            6.2982161,
            6.9796914
          ],
          "departure": [
            5.9963581,
            6.6778333,
            null
          ],
          "service": [
            null,
            6.5945,
            null
          ]
        }
      ]
    },
    {
      "id": 3,
      "route": [
        0,
        8,
        13,
        3,
        11,
        12,
        10,
        16,
        9,
        21
      ],
      "arrival": [
        null,
        1.6140491,
        4.0737982,
        4.9272119,
        6.5958644,
        7.8805458,
        9.0138232,
        10.026045,
        11.676793,
        12.457412
      ],
      "departure": [
        0.0,
        1.8998333,
        4.1571315,
        5.0105452,
        6.6791978,
        7.9638791,
        9.0971565,
        10.109378,
        11.760126,
        null
      ],
      "service": [
        null,
        1.8165,
        4.0737982,
        4.9272119,
        6.5958644,
        7.8805458,
        9.0138232,
        10.026045,
        11.676793,
        null
      ],
      "trips": []
    }
  ]
}