{
  "weights": {
    "cost": 0.0,
    "tardiness": 1.0
  },
  "status": "Feasible",
  "objective": 4.3515043,
  "time": 35997.13394021988,
  "routes": [
    {
      "id": 1,
      "route": [
        0,
        15,
        12,
        16,
        20,
        7,
        8,
        9,
        6,
        3,
        21
      ],
      "arrival": [
        null,
        1.1069087,
        3.062301,
        3.4460431,
        3.8726465,
        6.0949013,
        6.5035496,
        6.7658497,
        6.9007217,
        7.1554217,
        9.6489124
      ],
      "departure": [
        0.0,
        2.9019602,
        3.1456344,
        3.5293765,
        3.9559798,
        6.1782346,
        6.586883,
        6.849183,
        7.0469364,
        8.3227333,
        null
      ],
      "service": [
        null,
        1.5234,
        3.062301,
        3.4460431,
        3.8726465,
        6.0949013,
        6.5035496,
        6.7658497,
        6.9007217,
        8.2394,
        null
      ],
      "trips": [
        {
          "id": 1,
          "route": [
            15,
            14,
            20
          ],
          "arrival": [
            null,
            3.0181388,
            3.8852935
          ],
          "departure": [
            2.9019602,
            3.8090333,
            null
          ],
          "service": [
            null,
            3.7257,
            null
          ]
        },
        {
          "id": 2,
          "route": [
            8,
            10,
            6
          ],
          "arrival": [
            null,
            6.7963333,
            7.0302698
          ],
          "departure": [
            6.5587532,
            6.8963333,
            null
          ],
          "service": [
            null,
            6.813,
            null
          ]
        }
      ]
    },
    {
      "id": 2,
      "route": [
        0,
        13,
        19,
        2,
        21
      ],
      "arrival": [
        null,
        0.9196668,
        3.7312785,
        9.2889502,
        10.529988
      ],
      "departure": [
        0.0,
        3.3618333,
        6.8421333,
        9.3722835,
        null
      ],
      "service": [
        null,
        3.2785,
        6.7588,
        9.2889502,
        null
      ],
      "trips": []
    },
    {
      "id": 3,
      "route": [
        0,
        1,
        4,
        5,
        17,
        18,
        21
      ],
      "arrival": [
        null,
        1.3640373,
        2.4810174,
        4.2084963,
        7.0181157,
        7.342871,
        8.6294944
      ],
      "departure": [
        0.0,
        2.2737333,
        3.9445333,
        4.2918297,
        7.101449,
        7.4262043,
        null
      ],
      "service": [
        null,
        2.1904,
        3.8612,
        4.2084963,
        7.0181157,
        7.342871,
        null
      ],
      "trips": [
        {
          "id": 1,
          "route": [
            17,
            11,
            18
          ],
          "arrival": [
            null,
            7.1100164,
            7.3204391
          ],
          "departure": [
            7.0181157,
            7.2100164,
            null
          ],
          "service": [
            null,
            7.126683,
            null
          ]
        }
      ]
    }
  ]
}