{
  "weights": {
    "cost": 0.0,
    "tardiness": 1.0
  },
  "status": "Feasible",
  "objective": 5.841894626255554,
  "time": 35999.16075015068,
  "routes": [
    {
      "id": 1,
      "route": [
        0,
        12,
        14,
        8,
        21
      ],
      "arrival": [
        null,
        1.561430980337354,
        9.05806129292222,
        10.776980948654119,
        12.462503625134378
      ],
      "departure": [
        0.0,
        7.463233333333319,
        9.141394626255554,
        10.860314281987453,
        null
      ],
      "service": [
        null,
        7.3799,
        9.05806129292222,
        10.776980948654119,
        null
      ],
      "trips": [
        {
          "id": 1,
          "route": [
            8,
            2,
            21
          ],
          "arrival": [
            null,
            11.012696548239905,
            12.44583695846771
          ],
          "departure": [
            10.776980948654119,
            11.852926349556107,
            null
          ],
          "service": [
            null,
            11.029363214906573,
            null
          ]
        }
      ]
    },
    {
      "id": 2,
      "route": [
        0,
        18,
        15,
        13,
        1,
        21
      ],
      "arrival": [
        null,
        8.093359863883514,
        9.068483708972032,
        10.73716129292222,
        12.352031497470279,
        13.799402180087414
      ],
      "departure": [
        6.288942111155386,
        8.176693197216848,
        9.151817042305366,
        10.820494626255554,
        12.435364830803612,
        null
      ],
      "service": [
        null,
        8.093359863883514,
        9.068483708972032,
        10.73716129292222,
        12.352031497470279,
        null
      ],
      "trips": [
        {
          "id": 1,
          "route": [
            18,
            16,
            15
          ],
          "arrival": [
            null,
            8.217708651942425,
            9.135150375638698
          ],
          "departure": [
            8.093359863883514,
            8.477674005100797,
            null
          ],
          "service": [
            null,
            8.234375318609093,
            null
          ]
        }
      ]
    },
    {
      "id": 3,
      "route": [
        0,
        11,
        4,
        6,
        9,
        10,
        5,
        7,
        19,
        20,
        21
      ],
      "arrival": [
        null,
        5.617655415642961,
        8.020057154048484,
        8.264928006571884,
        8.399799999999908,
        8.728593847732697,
        9.248126394299016,
        9.716203911076288,
        11.931323722404139,
        12.92498705841009,
        14.384375303200194
      ],
      "departure": [
        3.6199597413289233,
        5.700988748976295,
        8.123029826890372,
        8.348261339905218,
        8.483133333333242,
        8.81192718106603,
        9.331459727632348,
        9.799537244409604,
        12.014657055737473,
        13.008320391743323,
        null
      ],
      "service": [
        null,
        5.617655415642961,
        8.039696493557038,
        8.264928006571884,
        8.399799999999908,
        8.728593847732697,
        9.248126394299016,
        9.71620391107627,
        11.931323722404139,
        12.92498705841006,
        null
      ],
      "trips": [
        {
          "id": 1,
          "route": [
            4,
            3,
            6
          ],
          "arrival": [
            null,
            8.15947083571635,
            8.33159467323855
          ],
          "departure": [
            8.020057154048484,
            8.259470835716352,
            null
          ],
          "service": [
            null,
            8.176137502383018,
            null
          ]
        },
        {
          "id": 2,
          "route": [
            6,
            17,
            7
          ],
          "arrival": [
            null,
            8.408953672352679,
            9.782870577742937
          ],
          "departure": [
            8.264928006571884,
            9.568586937971197,
            null
          ],
          "service": [
            null,
            8.425620339019346,
            null
          ]
        }
      ]
    }
  ]
}