{
  "weights": {
    "cost": 0.0,
    "tardiness": 1.0
  },
  "status": "Feasible",
  "objective": 9.203178034841786,
  "time": 35999.525182724,
  "routes": [
    {
      "id": 1,
      "route": [
        0,
        11,
        18,
        10,
        17,
        21
      ],
      "arrival": [
        null,
        2.140378033799932,
        8.766481661876472,
        11.162720551897298,
        12.958147520219397,
        13.896163629245093
      ],
      "departure": [
        0.896163629245093,
        6.242933333333333,
        8.849814995209806,
        11.246053885230632,
        13.04148085355273,
        null
      ],
      "service": [
        null,
        6.1596,
        8.766481661876472,
        11.162720551897298,
        12.958147520219397,
        null
      ],
      "trips": [
        {
          "id": 1,
          "route": [
            11,
            7,
            10
          ],
          "arrival": [
            null,
            4.451622172533498,
            11.14605388523063
          ],
          "departure": [
            4.0837034913844015,
            10.728250393846228,
            null
          ],
          "service": [
            null,
            4.5659,
            null
          ]
        }
      ]
    },
    {
      "id": 2,
      "route": [
        0,
        2,
        14,
        15,
        4,
        12,
        8,
        3,
        20,
        16,
        21
      ],
      "arrival": [
        null,
        4.759230560429048,
        5.666780462686152,
        7.122267174593848,
        8.394907610772746,
        9.802528680387407,
        10.696897225896835,
        12.004344701508453,
        13.854593152491391,
        14.90784283246896,
        16.79888144687097
      ],
      "departure": [
        3.7988814468709684,
        4.842563893762382,
        6.347188227976561,
        7.347188227976565,
        8.47824094410608,
        9.885862013720741,
        10.78023055923017,
        12.087678034841787,
        13.937926485824725,
        14.991176165802294,
        null
      ],
      "service": [
        null,
        4.759230560429048,
        5.666780462686152,
        7.122267174593848,
        8.394907610772746,
        9.802528680387407,
        10.696897225896835,
        12.004344701508453,
        13.854593152491391,
        14.90784283246896,
        null
      ],
      "trips": [
        {
          "id": 1,
          "route": [
            14,
            1,
            15
          ],
          "arrival": [
            null,
            6.450700954441878,
            7.330521561309897
          ],
          "departure": [
            6.347188227976561,
            6.8517333333333355,
            null
          ],
          "service": [
            null,
            6.7684,
            null
          ]
        },
        {
          "id": 2,
          "route": [
            4,
            5,
            12
          ],
          "arrival": [
            null,
            8.949396286399393,
            9.759574123851856
          ],
          "departure": [
            8.394907610772746,
            9.457017356014054,
            null
          ],
          "service": [
            null,
            8.96606295306606,
            null
          ]
        },
        {
          "id": 3,
          "route": [
            8,
            13,
            3
          ],
          "arrival": [
            null,
            11.205926258700215,
            11.822001198564895
          ],
          "departure": [
            10.696897225896835,
            11.613373734311832,
            null
          ],
          "service": [
            null,
            11.222592925366882,
            null
          ]
        }
      ]
    },
    {
      "id": 3,
      "route": [
        0,
        19,
        9,
        6,
        21
      ],
      "arrival": [
        null,
        5.0718,
        6.7619893214933775,
        7.951269347373795,
        9.294365471373954
      ],
      "departure": [
        4.002795512839924,
        5.155133333333332,
        6.845322654826713,
        8.034602680707131,
        null
      ],
      "service": [
        null,
        5.0718,
        6.7619893214933775,
        7.951269347373795,
        null
      ],
      "trips": []
    }
  ]
}