{
  "weights": {
    "cost": 0.0,
    "tardiness": 1.0
  },
  "status": "Feasible",
  "objective": 8.1963379,
  "time": 35994.47546696663,
  "routes": [
    {
      "id": 1,
      "route": [
        0,
        18,
        4,
        1,
        10,
        19,
        9,
        21
      ],
      "arrival": [
        null,
        1.5339979,
        8.2604399,
        8.4904646,
        8.843781,
        10.326204,
        11.993673,
        13.188009
      ],
      "departure": [
        0.18800924,
        6.1419333,
        8.3437732,
        8.573798,
        8.9271144,
        10.409537,
        12.077006,
        null
      ],
      "service": [
        null,
        6.0586,
        8.2604399,
        8.4904646,
        8.843781,
        10.326204,
        11.993673,
        null
      ],
      "trips": [
        {
          "id": 1,
          "route": [
            4,
            3,
            10
          ],
          "arrival": [
            null,
            8.4363921,
            8.7055857
          ],
          "departure": [
            8.3437732,
            8.5363921,
            null
          ],
          "service": [
            null,
            8.4530588,
            null
          ]
        },
        {
          "id": 2,
          "route": [
            19,
            16,
            9
          ],
          "arrival": [
            null,
            10.648591,
            11.977006
          ],
          "departure": [
            10.326204,
            11.489969,
            null
          ],
          "service": [
            null,
            10.665257,
            null
          ]
        }
      ]
    },
    {
      "id": 2,
      "route": [
        0,
        11,
        15,
        21
      ],
      "arrival": [
        null,
        2.1712672,
        5.4451883,
        8.4661538
      ],
      "departure": [
        0.0,
        2.2546006,
        7.4468333,
        null
      ],
      "service": [
        null,
        2.1712672,
        7.3635,
        null
      ],
      "trips": []
    },
    {
      "id": 3,
      "route": [
        0,
        12,
        7,
        5,
        17,
        14,
        6,
        2,
        21
      ],
      "arrival": [
        null,
        2.8458848,
        7.4754142,
        7.7445238,
        10.101407,
        11.757983,
        12.904305,
        13.157784,
        14.471281
      ],
      "departure": [
        1.4712808,
        4.9731333,
        7.5587475,
        8.4519544,
        10.18474,
        11.841316,
        12.987638,
        13.375207,
        null
      ],
      "service": [
        null,
        4.8898,
        7.4754142,
        8.368621,
        10.101407,
        11.757983,
        12.904305,
        13.157784,
        null
      ],
      "trips": [
        {
          "id": 1,
          "route": [
            7,
            13,
            5
          ],
          "arrival": [
            null,
            7.9354143,
            8.4352877
          ],
          "departure": [
            7.4754142,
            8.0354143,
            null
          ],
          "service": [
            null,
            7.952081,
            null
          ]
        },
        {
          "id": 2,
          "route": [
            17,
            20,
            14
          ],
          "arrival": [
            null,
            10.851017,
            11.741316
          ],
          "departure": [
            10.18474,
            11.529212,
            null
          ],
          "service": [
            null,
            10.867684,
            null
          ]
        },
        {
          "id": 3,
          "route": [
            6,
            8,
            2
          ],
          "arrival": [
            null,
            13.117619,
            13.35854
          ],
          "departure": [
            12.904305,
            13.217619,
            null
          ],
          "service": [
            null,
            13.134285,
            null
          ]
        }
      ]
    }
  ]
}