{
  "weights": {
    "cost": 0.0,
    "tardiness": 1.0
  },
  "status": "Optimal",
  "objective": 0.17065333,
  "time": 1994.5915961265564,
  "routes": [
    {
      "id": 1,
      "route": [
        0,
        5,
        9,
        1,
        4,
        6,
        11
      ],
      "arrival": [
        null,
        2.5522513,
        4.0798056,
        5.4037783,
        6.57282,
        7.0092354,
        9.5840467
      ],
      "departure": [
        1.7792823,
        2.8793333,
        4.163139,
        5.5703333,
        6.6561533,
        7.2107333,
        null
      ],
      "service": [
        null,
        2.796,
        4.0798056,
        5.487,
        6.57282,
        7.1274,
        null
      ],
      "trips": [
        {
          "id": 1,
          "route": [
            0,
            2,
            5
          ],
          "arrival": [
            null,
            2.2161166,
            2.7626156
          ],
          "departure": [
            1.7792823,
            2.4616333,
            null
          ],
          "service": [
            null,
            2.3783,
            null
          ]
        }
      ]
    },
    {
      "id": 2,
      "route": [
        0,
        7,
        3,
        10,
        11
      ],
      "arrival": [
        null,
        4.37597,
        6.2912248,
        7.4024606,
        8.1778586
      ],
      "departure": [
        2.8257112,
        4.4593033,
        6.3745581,
        7.485794,
        null
      ],
      "service": [
        null,
        4.37597,
        6.2912248,
        7.4024606,
        null
      ],
      "trips": [
        {
          "id": 1,
          "route": [
            0,
            8,
            3
          ],
          "arrival": [
            null,
            3.5904644,
            6.2745581
          ],
          "departure": [
            2.8257112,
            6.195147,
            null
          ],
          "service": [
            null,
            3.6463,
            null
          ]
        }
      ]
    }
  ]
}