{
  "weights": {
    "cost": 0.0,
    "tardiness": 1.0
  },
  "status": "Optimal",
  "objective": 0.0,
  "time": 25.93755078315735,
  "routes": [
    {
      "id": 1,
      "route": [
        0,
        1,
        2,
        4,
        6,
        3,
        5,
        7,
        11
      ],
      "arrival": [
        null,
        1.6311423,
        1.9959694,
        2.4068823,
        4.3980869,
        6.42627,
        6.826331,
        8.1729162,
        9.0526115
      ],
      "departure": [
        0.93400338,
        1.7144756,
        2.0793028,
        2.4902156,
        4.6198333,
        6.5096033,
        6.9096643,
        8.2562495,
        null
      ],
      "service": [
        null,
        1.6311423,
        1.9959694,
        2.4068823,
        4.5365,
        6.42627,
        6.826331,
        8.1729162,
        null
      ],
      "trips": [
        {
          "id": 1,
          "route": [
            0,
            8,
            11
          ],
          "arrival": [
            null,
            1.3679068,
            1.9173367
          ],
          "departure": [
            0.93400338,
            1.4834333,
            null
          ],
          "service": [
            null,
            1.4001,
            null
          ]
        }
      ]
    },
    {
      "id": 2,
      "route": [
        0,
        10,
        9,
        11
      ],
      "arrival": [
        null,
        0.7637723,
        3.2334717,
        5.5763424
      ],
      "departure": [
        0.0,
        1.8018333,
        4.0041333,
        null
      ],
      "service": [
        null,
        1.7185,
        3.9208,
        null
      ],
      "trips": []
    }
  ]
}