{
  "weights": {
    "cost": 0.0,
    "tardiness": 1.0
  },
  "status": "Optimal",
  "objective": 0.0,
  "time": 3.108363151550293,
  "routes": [
    {
      "id": 1,
      "route": [
        0,
        2,
        9,
        1,
        4,
        3,
        6,
        10,
        11
      ],
      "arrival": [
        null,
        0.97863271,
        2.6689108,
        3.7615496,
        5.331319,
        5.516087,
        5.8354495,
        7.200324,
        7.8919033
      ],
      "departure": [
        0.0,
        2.5582333,
        3.5907333,
        5.2852333,
        5.4146524,
        5.5994204,
        6.9348333,
        7.2836573,
        null
      ],
      "service": [
        null,
        2.4749,
        3.5074,
        5.2019,
        5.331319,
        5.516087,
        6.8515,
        7.200324,
        null
      ],
      "trips": []
    },
    {
      "id": 2,
      "route": [
        0,
        7,
        5,
        11
      ],
      "arrival": [
        null,
        3.021901,
        3.4534664,
        4.1136359
      ],
      "departure": [
        2.3477914,
        3.1052343,
        3.5367997,
        null
      ],
      "service": [
        null,
        3.021901,
        3.4534664,
        null
      ],
      "trips": [
        {
          "id": 1,
          "route": [
            0,
            8,
            5
          ],
          "arrival": [
            null,
            2.6569116,
            3.4367997
          ],
          "departure": [
            2.3477914,
            3.3365083,
            null
          ],
          "service": [
            null,
            3.1475,
            null
          ]
        }
      ]
    }
  ]
}