{
  "weights": {
    "cost": 0.0,
    "tardiness": 1.0
  },
  "status": "Optimal",
  "objective": 0.17065333495203117,
  "time": 920.1701421737671,
  "routes": [
    {
      "id": 1,
      "route": [
        0,
        7,
        3,
        10,
        11
      ],
      "arrival": [
        null,
        4.436420001618698,
        6.351674811702178,
        8.224020001618698,
        12.227031026151865
      ],
      "departure": [
        2.886161176313335,
        4.519753334952032,
        7.196117506464901,
        11.534966423252259,
        null
      ],
      "service": [
        null,
        4.436420001618698,
        6.351674811702178,
        8.224020001618698,
        null
      ],
      "trips": [
        {
          "id": 1,
          "route": [
            0,
            8,
            3
          ],
          "arrival": [
            null,
            3.650914394482321,
            6.295839196660225
          ],
          "departure": [
            2.886161176313335,
            6.216428029871162,
            null
          ],
          "service": [
            null,
            3.6675810611489883,
            null
          ]
        }
      ]
    },
    {
      "id": 2,
      "route": [
        0,
        5,
        9,
        1,
        4,
        6,
        11
      ],
      "arrival": [
        null,
        2.796,
        4.079805620702031,
        5.487000000000002,
        6.572820001618695,
        7.009235395600669,
        11.449741174694637
      ],
      "departure": [
        2.0230310261518647,
        2.8793333333333337,
        4.246360623336244,
        5.570333333333334,
        6.6561533349520285,
        9.076427780029157,
        null
      ],
      "service": [
        null,
        2.796,
        4.16302729000291,
        5.487,
        6.572820001618695,
        7.1274,
        null
      ],
      "trips": [
        {
          "id": 1,
          "route": [
            0,
            2,
            11
          ],
          "arrival": [
            null,
            2.459865270304159,
            2.9966995144564543
          ],
          "departure": [
            2.0230310261518647,
            2.5598652703041602,
            null
          ],
          "service": [
            null,
            2.4765319369708263,
            null
          ]
        }
      ]
    }
  ]
}