{
  "weights": {
    "cost": 0.0,
    "tardiness": 1.0
  },
  "status": "Optimal",
  "objective": 0.0,
  "time": 12.797627925872803,
  "routes": [
    {
      "id": 1,
      "route": [
        0,
        6,
        3,
        7,
        11
      ],
      "arrival": [
        null,
        1.6076353105806565,
        6.426269980594228,
        7.774124157001542,
        8.653819489042235
      ],
      "departure": [
        0.0,
        4.619833333333334,
        6.827600000000001,
        7.857457490334876,
        null
      ],
      "service": [
        null,
        4.5365,
        6.744266666666667,
        7.774124157001542,
        null
      ],
      "trips": []
    },
    {
      "id": 2,
      "route": [
        0,
        2,
        4,
        1,
        10,
        9,
        5,
        11
      ],
      "arrival": [
        null,
        0.9786327129850232,
        1.38954554542266,
        1.626400000000002,
        2.17350249068911,
        3.9208,
        5.187528388496907,
        7.466369494543148
      ],
      "departure": [
        0.0,
        1.0619660463183571,
        1.5803142885289816,
        1.709733333333336,
        2.4891616808804518,
        4.004133333333335,
        6.8895333333333335,
        null
      ],
      "service": [
        null,
        0.9786327129850232,
        1.4969809551956477,
        1.626400000000002,
        2.17350249068911,
        3.9208,
        6.8062,
        null
      ],
      "trips": [
        {
          "id": 1,
          "route": [
            4,
            8,
            10
          ],
          "arrival": [
            null,
            1.9354493450663846,
            2.3334812642439946
          ],
          "departure": [
            1.3895455454226582,
            2.035449345066377,
            null
          ],
          "service": [
            null,
            1.952116011733049,
            null
          ]
        }
      ]
    }
  ]
}