{
  "weights": {
    "cost": 0.0,
    "tardiness": 1.0
  },
  "status": "Optimal",
  "objective": 1.430697,
  "time": 2446.0619633197784,
  "routes": [
    {
      "id": 1,
      "route": [
        0,
        10,
        8,
        4,
        5,
        11
      ],
      "arrival": [
        null,
        1.0764315,
        7.0868776,
        8.4944637,
        8.84176,
        10.586712
      ],
      "departure": [
        0.0,
        5.5015333,
        7.1702109,
        8.577797,
        8.9250934,
        null
      ],
      "service": [
        null,
        5.4182,
        7.0868776,
        8.4944637,
        8.84176,
        null
      ],
      "trips": []
    },
    {
      "id": 2,
      "route": [
        0,
        7,
        3,
        1,
        2,
        9,
        6,
        11
      ],
      "arrival": [
        null,
        1.561431,
        5.0975853,
        5.2240179,
        5.5968427,
        7.3146677,
        8.1536031,
        10.234632
      ],
      "departure": [
        0.0,
        4.8623333,
        5.1809186,
        5.3185333,
        5.6801761,
        7.398001,
        8.2369364,
        null
      ],
      "service": [
        null,
        4.779,
        5.0975853,
        5.2352,
        5.5968427,
        7.3146677,
        8.1536031,
        null
      ],
      "trips": []
    }
  ]
}