{
  "weights": {
    "cost": 0.0,
    "tardiness": 1.0
  },
  "status": "Optimal",
  "objective": 0.0,
  "time": 2.9226021766662598,
  "routes": [
    {
      "id": 1,
      "route": [
        0,
        4,
        3,
        10,
        11
      ],
      "arrival": [
        null,
        1.3976555090026324,
        2.732616728726452,
        7.747993057598974,
        9.056745683561157
      ],
      "departure": [
        0.0,
        2.4822333333333333,
        7.647233333333334,
        7.831326390932308,
        null
      ],
      "service": [
        null,
        2.3989,
        7.5639,
        7.747993057598974,
        null
      ],
      "trips": []
    },
    {
      "id": 2,
      "route": [
        0,
        5,
        2,
        7,
        1,
        6,
        8,
        9,
        11
      ],
      "arrival": [
        null,
        1.6616185058618367,
        2.785946936741605,
        4.214592293880275,
        4.4261751886134455,
        5.6805192417450465,
        5.994357977763731,
        6.256658053687724,
        7.763213987577416
      ],
      "departure": [
        0.0,
        2.2820333333333345,
        3.8080333333333325,
        4.297925627213609,
        5.615133333333334,
        5.76385257507838,
        6.077691311097064,
        6.339991387021058,
        null
      ],
      "service": [
        null,
        2.1987,
        3.7247,
        4.214592293880275,
        5.5318,
        5.6805192417450465,
        5.994357977763731,
        6.256658053687724,
        null
      ],
      "trips": []
    }
  ]
}