{
  "weights": {
    "cost": 0.0,
    "tardiness": 1.0
  },
  "status": "Optimal",
  "objective": 0.0,
  "time": 3.537975311279297,
  "routes": [
    {
      "id": 1,
      "route": [
        0,
        2,
        9,
        1,
        6,
        8,
        11
      ],
      "arrival": [
        null,
        1.1577049,
        4.073551,
        5.5302546,
        5.6805192,
        5.994358,
        7.6798807
      ],
      "departure": [
        0.0,
        3.8080333,
        5.4206333,
        5.6151333,
        5.7638526,
        6.0776913,
        null
      ],
      "service": [
        null,
        3.7247,
        5.3373,
        5.5318,
        5.6805192,
        5.994358,
        null
      ],
      "trips": []
    },
    {
      "id": 2,
      "route": [
        0,
        5,
        4,
        7,
        3,
        10,
        11
      ],
      "arrival": [
        null,
        1.6616185,
        2.5459963,
        2.9648633,
        4.0270836,
        7.7479931,
        9.0567457
      ],
      "departure": [
        0.0,
        2.2820333,
        2.6293297,
        3.9419333,
        7.6472333,
        7.8313264,
        null
      ],
      "service": [
        null,
        2.1987,
        2.5459963,
        3.8586,
        7.5639,
        7.7479931,
        null
      ],
      "trips": []
    }
  ]
}