{
  "weights": {
    "cost": 0.0,
    "tardiness": 1.0
  },
  "status": "Optimal",
  "objective": 0.22576605,
  "time": 2222.4439244270325,
  "routes": [
    {
      "id": 1,
      "route": [
        0,
        5,
        2,
        7,
        8,
        11
      ],
      "arrival": [
        null,
        1.7618362,
        3.8892729,
        4.7482704,
        6.7725327,
        8.4699152
      ],
      "departure": [
        0.0,
        2.3954333,
        3.9864333,
        4.8316038,
        6.855866,
        null
      ],
      "service": [
        null,
        2.3121,
        3.9031,
        4.7482704,
        6.7725327,
        null
      ],
      "trips": [
        {
          "id": 1,
          "route": [
            7,
            9,
            11
          ],
          "arrival": [
            null,
            5.2645521,
            5.7262128
          ],
          "departure": [
            4.7482704,
            5.3645521,
            null
          ],
          "service": [
            null,
            5.2812187,
            null
          ]
        }
      ]
    },
    {
      "id": 2,
      "route": [
        0,
        4,
        6,
        1,
        10,
        3,
        11
      ],
      "arrival": [
        null,
        0.51813106,
        3.2809961,
        5.9987234,
        6.7634318,
        8.0389062,
        9.4522356
      ],
      "departure": [
        0.0,
        1.9509333,
        4.8165333,
        6.0820567,
        7.3729333,
        8.1222395,
        null
      ],
      "service": [
        null,
        1.8676,
        4.7332,
        5.9987234,
        7.2896,
        8.0389062,
        null
      ],
      "trips": []
    }
  ]
}