{
  "weights": {
    "cost": 0.0,
    "tardiness": 1.0
  },
  "status": "Optimal",
  "objective": 0.22576604815156642,
  "time": 105.49301195144653,
  "routes": [
    {
      "id": 1,
      "route": [
        0,
        4,
        6,
        1,
        10,
        3,
        11
      ],
      "arrival": [
        null,
        1.8675999999999995,
        3.2809960858640395,
        5.998723411809362,
        8.532626500150934,
        9.28193271481823,
        10.695262135995213
      ],
      "departure": [
        1.349468936546426,
        1.9509333333333332,
        4.816533333333332,
        7.8512514467920465,
        8.615959833484268,
        9.365266048151568,
        null
      ],
      "service": [
        null,
        1.8676,
        4.733199999999998,
        6.996632714818233,
        8.532626500150934,
        9.281932714818232,
        null
      ],
      "trips": []
    },
    {
      "id": 2,
      "route": [
        0,
        5,
        2,
        7,
        8,
        11
      ],
      "arrival": [
        null,
        1.7618361796398059,
        3.9030999999999967,
        4.74827044580355,
        6.772532714818233,
        13.0
      ],
      "departure": [
        0.0,
        2.409260459808591,
        3.9864333333333306,
        4.831603779136884,
        11.385950887462926,
        null
      ],
      "service": [
        null,
        2.325927126475257,
        3.9030999999999967,
        4.74827044580355,
        6.772532714818233,
        null
      ],
      "trips": [
        {
          "id": 1,
          "route": [
            7,
            9,
            11
          ],
          "arrival": [
            null,
            5.264552073090581,
            12.309965005281075
          ],
          "departure": [
            4.748270445803552,
            11.948304325162642,
            null
          ],
          "service": [
            null,
            5.281218739757248,
            null
          ]
        }
      ]
    }
  ]
}