{
  "weights": {
    "cost": 0.0,
    "tardiness": 1.0
  },
  "status": "Optimal",
  "objective": 0.0,
  "time": 35.00718092918396,
  "routes": [
    {
      "id": 1,
      "route": [
        0,
        10,
        3,
        2,
        11
      ],
      "arrival": [
        null,
        0.72327666,
        4.7009904,
        6.6904919,
        7.6628321
      ],
      "departure": [
        0.0,
        4.3828333,
        6.1775333,
        6.7738252,
        null
      ],
      "service": [
        null,
        4.2995,
        6.0942,
        6.6904919,
        null
      ],
      "trips": []
    },
    {
      "id": 2,
      "route": [
        0,
        7,
        5,
        9,
        1,
        4,
        8,
        11
      ],
      "arrival": [
        null,
        0.73306354,
        1.4646264,
        1.8298158,
        1.9947069,
        2.7251843,
        6.852289,
        9.0334238
      ],
      "departure": [
        0.0,
        1.4093333,
        1.5479597,
        1.9131491,
        2.3792994,
        6.6737333,
        8.0513333,
        null
      ],
      "service": [
        null,
        1.326,
        1.4646264,
        1.8298158,
        1.9947069,
        6.5904,
        7.968,
        null
      ],
      "trips": [
        {
          "id": 1,
          "route": [
            9,
            6,
            1
          ],
          "arrival": [
            null,
            2.0269946,
            2.3626327
          ],
          "departure": [
            1.8298158,
            2.1269946,
            null
          ],
          "service": [
            null,
            2.0436613,
            null
          ]
        }
      ]
    }
  ]
}