{
  "weights": {
    "cost": 0.0,
    "tardiness": 1.0
  },
  "status": "Optimal",
  "objective": 0.0,
  "time": 23.591378211975098,
  "routes": [
    {
      "id": 1,
      "route": [
        0,
        2,
        9,
        3,
        1,
        11
      ],
      "arrival": [
        null,
        0.88900688,
        3.1979719,
        5.3849274,
        5.6987754,
        9.4710531
      ],
      "departure": [
        0.0,
        1.3650047,
        3.3995333,
        5.4682607,
        8.3216333,
        null
      ],
      "service": [
        null,
        1.0583,
        3.3162,
        5.3849274,
        8.2383,
        null
      ],
      "trips": [
        {
          "id": 1,
          "route": [
            2,
            4,
            1
          ],
          "arrival": [
            null,
            1.5600581,
            5.6821088
          ],
          "departure": [
            1.3650047,
            5.497404,
            null
          ],
          "service": [
            null,
            2.0803,
            null
          ]
        }
      ]
    },
    {
      "id": 2,
      "route": [
        0,
        7,
        10,
        6,
        8,
        11
      ],
      "arrival": [
        null,
        1.0370783,
        4.27703,
        5.011925,
        5.3834609,
        6.4043428
      ],
      "departure": [
        0.0,
        3.6659333,
        4.3603633,
        5.0952583,
        5.5453333,
        null
      ],
      "service": [
        null,
        3.5826,
        4.27703,
        5.011925,
        5.462,
        null
      ],
      "trips": [
        {
          "id": 1,
          "route": [
            7,
            5,
            10
          ],
          "arrival": [
            null,
            1.6049087,
            4.2261652
          ],
          "departure": [
            1.0370783,
            3.9448604,
            null
          ],
          "service": [
            null,
            1.6215754,
            null
          ]
        }
      ]
    }
  ]
}