{
  "weights": {
    "cost": 0.0,
    "tardiness": 1.0
  },
  "status": "Optimal",
  "objective": 0.26225819,
  "time": 1323.628038406372,
  "routes": [
    {
      "id": 1,
      "route": [
        0,
        7,
        1,
        2,
        11
      ],
      "arrival": [
        null,
        1.1472119,
        2.8969789,
        3.8450782,
        7.7236824
      ],
      "departure": [
        0.0,
        1.8573333,
        2.9803122,
        6.7633333,
        null
      ],
      "service": [
        null,
        1.774,
        2.8969789,
        6.68,
        null
      ],
      "trips": []
    },
    {
      "id": 2,
      "route": [
        0,
        5,
        9,
        6,
        10,
        4,
        8,
        11
      ],
      "arrival": [
        null,
        0.55012601,
        2.7499448,
        3.9392249,
        5.4148381,
        6.6178684,
        8.5119021,
        10.444168
      ],
      "departure": [
        0.0,
        1.2371333,
        2.8332782,
        4.0225582,
        5.4981714,
        6.7012018,
        8.5952355,
        null
      ],
      "service": [
        null,
        1.1538,
        2.7499448,
        3.9392249,
        5.4148381,
        6.6178684,
        8.5119021,
        null
      ],
      "trips": [
        {
          "id": 1,
          "route": [
            4,
            3,
            11
          ],
          "arrival": [
            null,
            6.9730549,
            7.3865869
          ],
          "departure": [
            6.6178684,
            7.0730549,
            null
          ],
          "service": [
            null,
            6.9897215,
            null
          ]
        }
      ]
    }
  ]
}