{
  "weights": {
    "cost": 0.0,
    "tardiness": 1.0
  },
  "status": "Optimal",
  "objective": 0.262258189157611,
  "time": 178.46204543113708,
  "routes": [
    {
      "id": 1,
      "route": [
        0,
        5,
        9,
        6,
        3,
        2,
        11
      ],
      "arrival": [
        null,
        0.5501260072917002,
        2.7499448299438614,
        3.9392248558242775,
        5.9756,
        7.644101303916614,
        11.151067000696516
      ],
      "departure": [
        0.0,
        1.237133333333336,
        2.8332781632771953,
        4.091018352307975,
        6.058933333333336,
        10.190717887138437,
        null
      ],
      "service": [
        null,
        1.1538,
        2.7499448299438614,
        3.9392248558242775,
        5.9756,
        7.644101303916614,
        null
      ],
      "trips": []
    },
    {
      "id": 2,
      "route": [
        0,
        7,
        1,
        10,
        4,
        8,
        11
      ],
      "arrival": [
        null,
        1.7740000000000027,
        2.896978894218689,
        4.462399999999999,
        7.844624855824279,
        9.738658541529475,
        12.846183901880256
      ],
      "departure": [
        0.626788055453952,
        1.8573333333333366,
        3.7187492649425113,
        6.724927833210698,
        7.9279581891576125,
        10.997250902576774,
        null
      ],
      "service": [
        null,
        1.7740000000000027,
        3.4239248558242776,
        4.4624,
        7.844624855824279,
        9.847724855824277,
        null
      ],
      "trips": []
    }
  ]
}