{
  "weights": {
    "cost": 0.0,
    "tardiness": 1.0
  },
  "status": "Optimal",
  "objective": 0.0,
  "time": 6.852315664291382,
  "routes": [
    {
      "id": 1,
      "route": [
        0,
        2,
        9,
        8,
        1,
        11
      ],
      "arrival": [
        null,
        0.8890068801016184,
        2.974600461491624,
        4.6986383281304995,
        8.2383,
        9.47105311252581
      ],
      "departure": [
        0.0,
        1.141633333333333,
        3.3995333333333324,
        7.17860013999152,
        8.321633333333336,
        null
      ],
      "service": [
        null,
        1.0583,
        3.3162,
        5.462,
        8.2383,
        null
      ],
      "trips": []
    },
    {
      "id": 2,
      "route": [
        0,
        5,
        4,
        10,
        6,
        7,
        3,
        11
      ],
      "arrival": [
        null,
        0.7860059793353376,
        1.4227207933193045,
        2.876497934255217,
        3.8132949859885645,
        4.292498355118769,
        5.844115142998628,
        6.968882250058909
      ],
      "departure": [
        0.0,
        1.2580333333333336,
        2.1636333333333333,
        3.1617333333333324,
        4.252033333333335,
        4.375831688452103,
        5.927448476331962,
        null
      ],
      "service": [
        null,
        1.1747,
        2.0803,
        3.0784,
        4.1687,
        4.292498355118769,
        5.844115142998628,
        null
      ],
      "trips": []
    }
  ]
}