{
  "weights": {
    "cost": 0.0,
    "tardiness": 1.0
  },
  "status": "Optimal",
  "objective": 0.0,
  "time": 6.605125904083252,
  "routes": [
    {
      "id": 1,
      "route": [
        0,
        1,
        8,
        2,
        11
      ],
      "arrival": [
        null,
        1.8296932,
        2.1330396,
        3.793509,
        9.6723378
      ],
      "departure": [
        0.0,
        1.9130265,
        3.6850333,
        8.1711333,
        null
      ],
      "service": [
        null,
        1.8296932,
        3.6017,
        8.0878,
        null
      ],
      "trips": []
    },
    {
      "id": 2,
      "route": [
        0,
        10,
        5,
        4,
        7,
        9,
        11
      ],
      "arrival": [
        null,
        2.4608667,
        2.71,
        3.7649203,
        3.9709805,
        6.5177047,
        9.862851
      ],
      "departure": [
        0.98851829,
        2.5785087,
        3.5649243,
        3.8482537,
        6.3356333,
        8.2199333,
        null
      ],
      "service": [
        null,
        2.4608667,
        2.71,
        3.7649203,
        6.2523,
        8.1366,
        null
      ],
      "trips": [
        {
          "id": 1,
          "route": [
            10,
            3,
            5
          ],
          "arrival": [
            null,
            2.5566109,
            3.5482576
          ],
          "departure": [
            2.4608667,
            3.4067823,
            null
          ],
          "service": [
            null,
            2.6089667,
            null
          ]
        },
        {
          "id": 2,
          "route": [
            5,
            6,
            7
          ],
          "arrival": [
            null,
            3.636679,
            4.5149243
          ],
          "departure": [
            3.531591,
            4.4378333,
            null
          ],
          "service": [
            null,
            4.3545,
            null
          ]
        }
      ]
    }
  ]
}