{
  "weights": {
    "cost": 0.0,
    "tardiness": 1.0
  },
  "status": "Optimal",
  "objective": 0.87736426,
  "time": 9299.510013103485,
  "routes": [
    {
      "id": 1,
      "route": [
        0,
        4,
        10,
        9,
        8,
        11
      ],
      "arrival": [
        null,
        1.4184509,
        5.607463,
        8.4903825,
        9.8021309,
        10.860116
      ],
      "departure": [
        0.0,
        2.7421996,
        7.2973333,
        8.5737159,
        9.8854643,
        null
      ],
      "service": [
        null,
        1.7066,
        7.214,
        8.4903825,
        9.8021309,
        null
      ],
      "trips": [
        {
          "id": 1,
          "route": [
            4,
            1,
            3,
            8
          ],
          "arrival": [
            null,
            2.9668924,
            8.0081333,
            9.7854643
          ],
          "departure": [
            2.7421996,
            7.7311294,
            9.5974686,
            null
          ],
          "service": [
            null,
            3.0772,
            8.0248,
            null
          ]
        }
      ]
    },
    {
      "id": 2,
      "route": [
        0,
        2,
        5,
        7,
        6,
        11
      ],
      "arrival": [
        null,
        1.5012044,
        6.739056,
        7.9914702,
        10.246958,
        12.614393
      ],
      "departure": [
        0.0,
        6.3952333,
        7.5449333,
        8.0748035,
        10.330292,
        null
      ],
      "service": [
        null,
        6.3119,
        7.4616,
        7.9914702,
        10.246958,
        null
      ],
      "trips": []
    }
  ]
}