{
  "weights": {
    "cost": 0.0,
    "tardiness": 1.0
  },
  "status": "Optimal",
  "objective": 0.8773642611756838,
  "time": 5911.437077760696,
  "routes": [
    {
      "id": 1,
      "route": [
        0,
        2,
        5,
        7,
        6,
        11
      ],
      "arrival": [
        null,
        6.3119,
        7.4616,
        7.991470157746793,
        10.24695846784521,
        14.309924226878351
      ],
      "departure": [
        4.810695579880862,
        7.117777360717074,
        7.54493333333334,
        8.07480349108012,
        12.025822632303681,
        null
      ],
      "service": [
        null,
        6.3119,
        7.4616,
        7.991470157746786,
        10.24695846784521,
        null
      ],
      "trips": []
    },
    {
      "id": 2,
      "route": [
        0,
        4,
        10,
        9,
        8,
        11
      ],
      "arrival": [
        null,
        3.9304309278423504,
        6.879027662621111,
        8.490382547002323,
        9.80213092784235,
        15.511980006789114
      ],
      "departure": [
        2.511980006789115,
        4.013764261175684,
        7.2973333333333485,
        8.573715880335643,
        14.537328226005624,
        null
      ],
      "service": [
        null,
        3.9304309278423504,
        7.214,
        8.490382547002309,
        9.80213092784235,
        null
      ],
      "trips": [
        {
          "id": 1,
          "route": [
            4,
            1,
            3,
            8
          ],
          "arrival": [
            null,
            4.155123793355781,
            7.914492425928999,
            14.520661559338956
          ],
          "departure": [
            3.9304309278423464,
            7.637488487500244,
            14.33266593735214,
            null
          ],
          "service": [
            null,
            4.171790460022448,
            8.0248,
            null
          ]
        }
      ]
    }
  ]
}