{
  "weights": {
    "cost": 0.0,
    "tardiness": 1.0
  },
  "status": "Optimal",
  "objective": 0.68114032,
  "time": 3249.796421766281,
  "routes": [
    {
      "id": 1,
      "route": [
        0,
        8,
        10,
        1,
        9,
        11
      ],
      "arrival": [
        null,
        1.6299905,
        2.5551927,
        4.659371,
        6.0891296,
        8.1804116
      ],
      "departure": [
        0.79092228,
        2.0932333,
        2.638526,
        5.7478009,
        6.5577333,
        null
      ],
      "service": [
        null,
        2.0099,
        2.5551927,
        4.7649,
        6.4744,
        null
      ],
      "trips": [
        {
          "id": 1,
          "route": [
            8,
            7,
            1
          ],
          "arrival": [
            null,
            2.3417333,
            4.6427043
          ],
          "departure": [
            1.6299905,
            4.4940169,
            null
          ],
          "service": [
            null,
            2.3584,
            null
          ]
        },
        {
          "id": 2,
          "route": [
            9,
            6,
            11
          ],
          "arrival": [
            null,
            6.3091333,
            7.0699972
          ],
          "departure": [
            6.0891296,
            6.4091333,
            null
          ],
          "service": [
            null,
            6.3258,
            null
          ]
        }
      ]
    },
    {
      "id": 2,
      "route": [
        0,
        2,
        4,
        5,
        3,
        11
      ],
      "arrival": [
        null,
        1.6031578,
        3.0240338,
        4.436107,
        5.7271966,
        6.0173362
      ],
      "departure": [
        0.0,
        2.2266333,
        3.1073671,
        4.5194403,
        5.8105299,
        null
      ],
      "service": [
        null,
        2.1433,
        3.0240338,
        4.436107,
        5.7271966,
        null
      ],
      "trips": []
    }
  ]
}