{
  "weights": {
    "cost": 0.0,
    "tardiness": 1.0
  },
  "status": "Optimal",
  "objective": 0.0,
  "time": 5.9284281730651855,
  "routes": [
    {
      "id": 1,
      "route": [
        0,
        10,
        8,
        2,
        11
      ],
      "arrival": [
        null,
        1.472348380943517,
        1.7942511118924642,
        3.793508963797299,
        9.672337753452473
      ],
      "departure": [
        0.0,
        1.5556817142768509,
        3.685033333333334,
        8.171133333333334,
        null
      ],
      "service": [
        null,
        1.472348380943517,
        3.6017,
        8.0878,
        null
      ],
      "trips": []
    },
    {
      "id": 2,
      "route": [
        0,
        3,
        1,
        5,
        4,
        6,
        7,
        9,
        11
      ],
      "arrival": [
        null,
        1.3099242268783513,
        1.9318022818755942,
        2.3751842964793406,
        2.993329349669052,
        3.4537048910126584,
        4.564078102798055,
        6.517704702734715,
        9.862851044845865
      ],
      "departure": [
        0.0,
        1.412033333333334,
        2.015135615208928,
        2.793333333333334,
        3.204733333333334,
        4.437833333333334,
        6.335633333333334,
        8.219933333333334,
        null
      ],
      "service": [
        null,
        1.3287,
        1.9318022818755942,
        2.71,
        3.1214,
        4.3545,
        6.2523,
        8.1366,
        null
      ],
      "trips": []
    }
  ]
}