{
  "weights": {
    "cost": 0.0,
    "tardiness": 1.0
  },
  "status": "Optimal",
  "objective": 0.6811403206634203,
  "time": 510.3610713481903,
  "routes": [
    {
      "id": 1,
      "route": [
        0,
        2,
        4,
        5,
        3,
        9,
        11
      ],
      "arrival": [
        null,
        1.6031578299144122,
        3.024033791277609,
        4.436106987330087,
        5.727196564220419,
        7.640014520608572,
        9.346026141314947
      ],
      "departure": [
        0.0,
        2.226633333333332,
        3.107367124610943,
        4.519440320663421,
        5.810529897553749,
        7.723347853941906,
        null
      ],
      "service": [
        null,
        2.143299999999998,
        3.024033791277609,
        4.436106987330087,
        5.7271965642204155,
        7.640014520608572,
        null
      ],
      "trips": [
        {
          "id": 1,
          "route": [
            2,
            10,
            3
          ],
          "arrival": [
            null,
            2.6855807117310686,
            5.6080822441372575
          ],
          "departure": [
            2.226633333333332,
            5.286143942618153,
            null
          ],
          "service": [
            null,
            2.702247378397736,
            null
          ]
        }
      ]
    },
    {
      "id": 2,
      "route": [
        0,
        8,
        1,
        6,
        11
      ],
      "arrival": [
        null,
        2.0099,
        3.6872197088878345,
        5.431701231140342,
        12.79319366431822
      ],
      "departure": [
        1.1708318074095239,
        2.093233333333334,
        4.848233333333334,
        11.527482490110279,
        null
      ],
      "service": [
        null,
        2.0099,
        4.7649,
        6.3258,
        null
      ],
      "trips": [
        {
          "id": 1,
          "route": [
            8,
            7,
            1
          ],
          "arrival": [
            null,
            2.721642865679721,
            4.831566666666667
          ],
          "departure": [
            2.0099,
            4.682879263969648,
            null
          ],
          "service": [
            null,
            2.7383095323463884,
            null
          ]
        }
      ]
    }
  ]
}