{
  "weights": {
    "cost": 0.0,
    "tardiness": 1.0
  },
  "status": "Optimal",
  "objective": 0.0,
  "time": 119.02722191810608,
  "routes": [
    {
      "id": 1,
      "route": [
        0,
        8,
        9,
        2,
        1,
        11
      ],
      "arrival": [
        null,
        0.84929386,
        3.6115424,
        3.7098043,
        7.3871068,
        8.5569429
      ],
      "departure": [
        0.0,
        3.3498333,
        3.6948757,
        7.2996333,
        7.4704402,
        null
      ],
      "service": [
        null,
        3.2665,
        3.6115424,
        7.2163,
        7.3871068,
        null
      ],
      "trips": []
    },
    {
      "id": 2,
      "route": [
        0,
        3,
        5,
        7,
        4,
        6,
        10,
        11
      ],
      "arrival": [
        null,
        1.2404004,
        3.5443331,
        4.6758096,
        5.1616506,
        8.1232442,
        8.4954076,
        9.7966662
      ],
      "departure": [
        0.0,
        3.2458333,
        4.4900333,
        5.0561333,
        7.9962333,
        8.2065775,
        8.5787409,
        null
      ],
      "service": [
        null,
        3.1625,
        4.4067,
        4.9728,
        7.9129,
        8.1232442,
        8.4954076,
        null
      ],
      "trips": []
    }
  ]
}