{
  "weights": {
    "cost": 0.0,
    "tardiness": 1.0
  },
  "status": "Optimal",
  "objective": 0.0,
  "time": 101.0131344795227,
  "routes": [
    {
      "id": 1,
      "route": [
        0,
        6,
        7,
        9,
        3,
        4,
        11
      ],
      "arrival": [
        null,
        1.057566,
        4.2141172,
        5.2716995,
        6.2153625,
        8.2151499,
        9.5891516
      ],
      "departure": [
        0.0,
        2.3581333,
        4.3250333,
        5.3550329,
        6.2986958,
        8.2984833,
        null
      ],
      "service": [
        null,
        2.2748,
        4.2417,
        5.2716995,
        6.2153625,
        8.2151499,
        null
      ],
      "trips": []
    },
    {
      "id": 2,
      "route": [
        0,
        1,
        8,
        5,
        2,
        11
      ],
      "arrival": [
        null,
        1.7918259,
        2.8612016,
        3.3869824,
        6.5305112,
        8.4598153
      ],
      "departure": [
        0.74516077,
        1.8751592,
        2.9445349,
        4.1136333,
        7.1872333,
        null
      ],
      "service": [
        null,
        1.7918259,
        2.8612016,
        4.0303,
        7.1039,
        null
      ],
      "trips": [
        {
          "id": 1,
          "route": [
            0,
            10,
            2
          ],
          "arrival": [
            null,
            1.0376343,
            6.5138445
          ],
          "departure": [
            0.74516077,
            6.1712838,
            null
          ],
          "service": [
            null,
            1.3026,
            null
          ]
        }
      ]
    }
  ]
}