{
  "weights": {
    "cost": 0.0,
    "tardiness": 1.0
  },
  "status": "Optimal",
  "objective": 0.092922609,
  "time": 1556.5255920886993,
  "routes": [
    {
      "id": 1,
      "route": [
        0,
        9,
        6,
        3,
        2,
        8,
        11
      ],
      "arrival": [
        null,
        0.20323176,
        4.9265688,
        5.940769,
        7.8104594,
        9.3267893,
        10.36663
      ],
      "departure": [
        0.0,
        2.9585333,
        5.0099021,
        7.6661333,
        8.3405333,
        9.4101226,
        null
      ],
      "service": [
        null,
        2.8752,
        4.9265688,
        7.5828,
        8.2572,
        9.3267893,
        null
      ],
      "trips": []
    },
    {
      "id": 2,
      "route": [
        0,
        4,
        10,
        7,
        11
      ],
      "arrival": [
        null,
        3.7462779,
        6.0821259,
        6.9800168,
        9.5878373
      ],
      "departure": [
        2.5130837,
        3.8296112,
        6.6247333,
        8.2132333,
        null
      ],
      "service": [
        null,
        3.7462779,
        6.5414,
        8.1299,
        null
      ],
      "trips": [
        {
          "id": 1,
          "route": [
            0,
            1,
            4
          ],
          "arrival": [
            null,
            3.0422729,
            3.7296112
          ],
          "departure": [
            2.5130837,
            3.6270275,
            null
          ],
          "service": [
            null,
            3.3105,
            null
          ]
        }
      ]
    }
  ]
}