{
  "weights": {
    "cost": 0.0,
    "tardiness": 1.0
  },
  "status": "Optimal",
  "objective": 0.0,
  "time": 3.017313003540039,
  "routes": [
    {
      "id": 1,
      "route": [
        0,
        8,
        2,
        6,
        10,
        11
      ],
      "arrival": [
        null,
        0.8492938628164612,
        3.596613768088938,
        7.4697795483709495,
        7.841942943145913,
        9.143201586895668
      ],
      "departure": [
        0.0,
        3.3498333333333346,
        7.299633333333334,
        7.553112881704283,
        7.925276276479247,
        null
      ],
      "service": [
        null,
        3.2665,
        7.2163,
        7.4697795483709495,
        7.841942943145913,
        null
      ],
      "trips": []
    },
    {
      "id": 2,
      "route": [
        0,
        3,
        9,
        7,
        5,
        1,
        4,
        11
      ],
      "arrival": [
        null,
        1.2404003721280148,
        3.3835642105606336,
        3.525873055445608,
        5.241909609739112,
        5.469845075117636,
        6.9919247563668545,
        9.229427511460107
      ],
      "departure": [
        0.0,
        3.2458333333333353,
        3.4668975438939675,
        5.056133333333333,
        5.325242943072446,
        6.845233333333335,
        7.996233333333334,
        null
      ],
      "service": [
        null,
        3.1625,
        3.3835642105606336,
        4.9728,
        5.241909609739112,
        6.7619,
        7.9129,
        null
      ],
      "trips": []
    }
  ]
}