{
  "weights": {
    "cost": 0.0,
    "tardiness": 1.0
  },
  "status": "Optimal",
  "objective": 0.0,
  "time": 94.85030245780945,
  "routes": [
    {
      "id": 1,
      "route": [
        0,
        1,
        6,
        5,
        4,
        11
      ],
      "arrival": [
        null,
        1.0932,
        3.241092736733304,
        5.261635853475345,
        8.171000000000001,
        9.545001703878164
      ],
      "departure": [
        0.04653485785379852,
        1.1765333333333317,
        3.3244260700666324,
        5.96101610730023,
        8.254333333333335,
        null
      ],
      "service": [
        null,
        1.0932,
        3.241092736733302,
        5.386166666666667,
        8.171000000000001,
        null
      ],
      "trips": []
    },
    {
      "id": 2,
      "route": [
        0,
        8,
        7,
        9,
        2,
        11
      ],
      "arrival": [
        null,
        2.351998674882088,
        4.592288851561557,
        5.622288387174452,
        6.498402191015226,
        9.831781932835172
      ],
      "departure": [
        0.993459753106789,
        2.435332008215422,
        4.675622184894891,
        6.025900000000001,
        8.5592,
        null
      ],
      "service": [
        null,
        2.351998674882088,
        4.592288851561557,
        5.942566666666667,
        8.475866666666667,
        null
      ],
      "trips": [
        {
          "id": 1,
          "route": [
            0,
            10,
            7
          ],
          "arrival": [
            null,
            1.2859333333333325,
            4.204907944172932
          ],
          "departure": [
            0.993459753106789,
            3.9847624317881003,
            null
          ],
          "service": [
            null,
            1.3026,
            null
          ]
        },
        {
          "id": 2,
          "route": [
            9,
            3,
            2
          ],
          "arrival": [
            null,
            6.053757522279771,
            6.487525529689654
          ],
          "departure": [
            5.622288387174452,
            6.153757522279772,
            null
          ],
          "service": [
            null,
            6.070424188946438,
            null
          ]
        }
      ]
    }
  ]
}