{
  "weights": {
    "cost": 0.0,
    "tardiness": 1.0
  },
  "status": "Optimal",
  "objective": 0.0,
  "time": 2.588289499282837,
  "routes": [
    {
      "id": 1,
      "route": [
        0,
        7,
        3,
        6,
        11
      ],
      "arrival": [
        null,
        0.6741095797450782,
        2.8847002778723505,
        5.299062435273838,
        7.450080755676929
      ],
      "departure": [
        0.0,
        2.8075333333333337,
        5.063033333333335,
        6.934833333333335,
        null
      ],
      "service": [
        null,
        2.7242,
        4.9797,
        6.8515,
        null
      ],
      "trips": []
    },
    {
      "id": 2,
      "route": [
        0,
        2,
        8,
        5,
        9,
        4,
        1,
        10,
        11
      ],
      "arrival": [
        null,
        0.978632712985025,
        3.0249308654850147,
        3.395929622374309,
        3.770381999860321,
        4.07061732467543,
        4.960719044804355,
        5.434462614200887,
        7.584879293699775
      ],
      "departure": [
        0.0,
        2.558233333333334,
        3.230833333333335,
        3.479262955707643,
        3.853715333193655,
        4.914633333333333,
        5.285233333333336,
        6.976633333333334,
        null
      ],
      "service": [
        null,
        2.4749,
        3.1475,
        3.395929622374309,
        3.770381999860321,
        4.8313,
        5.2019,
        6.8933,
        null
      ],
      "trips": []
    }
  ]
}