{
  "weights": {
    "cost": 0.0,
    "tardiness": 1.0
  },
  "status": "Optimal",
  "objective": 1.4306970337383396,
  "time": 582.3024060726166,
  "routes": [
    {
      "id": 1,
      "route": [
        0,
        7,
        1,
        3,
        2,
        6,
        9,
        11
      ],
      "arrival": [
        null,
        2.945300167833926,
        5.235200000000004,
        5.361632640633232,
        5.7663746804135645,
        8.239801729872967,
        9.288463700405007,
        10.613890605827134
      ],
      "departure": [
        1.3838691874965718,
        5.037806368946452,
        5.318533333333338,
        5.444965973966566,
        5.849708013746898,
        8.53286159817976,
        9.371797033738341,
        null
      ],
      "service": [
        null,
        4.954473035613118,
        5.235200000000004,
        5.361632640633232,
        5.7663746804135645,
        8.239801729872967,
        9.288463700405007,
        null
      ],
      "trips": []
    },
    {
      "id": 2,
      "route": [
        0,
        10,
        8,
        4,
        5,
        11
      ],
      "arrival": [
        null,
        1.0764315059612386,
        7.086877583950188,
        8.494463700405007,
        9.214263700405006,
        10.959215539600176
      ],
      "departure": [
        0.0,
        5.501533333333334,
        7.170210917283505,
        8.950300703545802,
        9.29759703373834,
        null
      ],
      "service": [
        null,
        5.4182,
        7.086877583950188,
        8.494463700405007,
        9.214263700405006,
        null
      ],
      "trips": []
    }
  ]
}