{
  "weights": {
    "cost": 0.0,
    "tardiness": 1.0
  },
  "status": "Optimal",
  "objective": 0.0,
  "time": 6.041388750076294,
  "routes": [
    {
      "id": 1,
      "route": [
        0,
        9,
        2,
        11
      ],
      "arrival": [
        null,
        1.0678620424378256,
        1.4724398769013654,
        7.634340213434951
      ],
      "departure": [
        0.0,
        1.1925333333333334,
        6.745333333333333,
        null
      ],
      "service": [
        null,
        1.1092,
        6.662,
        null
      ],
      "trips": []
    },
    {
      "id": 2,
      "route": [
        0,
        5,
        7,
        6,
        1,
        10,
        3,
        4,
        8,
        11
      ],
      "arrival": [
        null,
        0.7860059793353376,
        1.3297263999319924,
        1.460694579625594,
        2.346624418003877,
        2.856100872060825,
        4.700990448591421,
        6.415432288165947,
        6.852288960092624,
        9.03342377898696
      ],
      "departure": [
        0.0,
        1.2744333333333344,
        1.4130597332653263,
        1.8826333333333345,
        2.429957751337211,
        4.382833333333336,
        6.177533333333335,
        6.673733333333333,
        8.051333333333334,
        null
      ],
      "service": [
        null,
        1.1911,
        1.3297263999319924,
        1.7993,
        2.346624418003877,
        4.2995,
        6.0942,
        6.5904,
        7.968,
        null
      ],
      "trips": []
    }
  ]
}