{
  "weights": {
    "cost": 0.0,
    "tardiness": 1.0
  },
  "status": "Optimal",
  "objective": 0.09292260882038592,
  "time": 505.3884470462799,
  "routes": [
    {
      "id": 1,
      "route": [
        0,
        1,
        4,
        10,
        7,
        11
      ],
      "arrival": [
        null,
        3.758470993698287,
        4.991089275487052,
        7.696289275487053,
        9.296589275487053,
        13.956507122341597
      ],
      "departure": [
        2.671968238605034,
        4.8443978524535325,
        5.443774594743075,
        8.9413058038825,
        12.581903148119839,
        null
      ],
      "service": [
        null,
        3.758470993698287,
        4.991089275487052,
        7.696289275487053,
        9.296589275487053,
        null
      ],
      "trips": []
    },
    {
      "id": 2,
      "route": [
        0,
        9,
        6,
        3,
        2,
        8,
        11
      ],
      "arrival": [
        null,
        2.8752,
        4.926568806065504,
        8.029540592110715,
        8.2572,
        9.326789275487052,
        10.366629731161982
      ],
      "departure": [
        2.6719682386050327,
        2.958533333333339,
        7.098673730111598,
        8.112873925444049,
        8.340533333333333,
        9.410122608820386,
        null
      ],
      "service": [
        null,
        2.8752,
        4.926568806065504,
        8.029540592110715,
        8.2572,
        9.326789275487052,
        null
      ],
      "trips": [
        {
          "id": 1,
          "route": [
            6,
            5,
            2
          ],
          "arrival": [
            null,
            5.522764459092402,
            8.240533333333332
          ],
          "departure": [
            4.926568806065503,
            8.114458306799614,
            null
          ],
          "service": [
            null,
            5.539431125759069,
            null
          ]
        }
      ]
    }
  ]
}