{
  "weights": {
    "cost": 0.0,
    "tardiness": 1.0
  },
  "status": "Optimal",
  "objective": 3.9039232,
  "time": 35995.68330478668,
  "routes": [
    {
      "id": 1,
      "route": [
        0,
        6,
        15,
        19,
        1,
        18,
        17,
        11,
        10,
        4,
        20,
        21
      ],
      "arrival": [
        null,
        0.51524742,
        3.4137177,
        5.5070341,
        6.7802452,
        8.0152921,
        8.3078399,
        9.6865724,
        9.9872898,
        10.311277,
        11.679135,
        12.746756
      ],
      "departure": [
        0.0,
        3.1930333,
        4.2127333,
        5.5903675,
        6.8635786,
        8.0986254,
        8.3911733,
        9.7725317,
        10.162281,
        10.394611,
        11.762468,
        null
      ],
      "service": [
        null,
        3.1097,
        4.1294,
        5.5070341,
        6.7802452,
        8.0152921,
        8.3078399,
        9.6891983,
        9.9872898,
        10.311277,
        11.679135,
        null
      ],
      "trips": [
        {
          "id": 1,
          "route": [
            15,
            16,
            19
          ],
          "arrival": [
            null,
            4.1262958,
            5.5737008
          ],
          "departure": [
            3.4137177,
            5.4443665,
            null
          ],
          "service": [
            null,
            4.1429625,
            null
          ]
        },
        {
          "id": 2,
          "route": [
            1,
            14,
            18
          ],
          "arrival": [
            null,
            6.9381481,
            7.9986254
          ],
          "departure": [
            6.7802452,
            7.3612695,
            null
          ],
          "service": [
            null,
            6.9548148,
            null
          ]
        },
        {
          "id": 3,
          "route": [
            11,
            2,
            10
          ],
          "arrival": [
            null,
            9.8514232,
            10.145614
          ],
          "departure": [
            9.6865724,
            9.9514232,
            null
          ],
          "service": [
            null,
            9.8680898,
            null
          ]
        }
      ]
    },
    {
      "id": 2,
      "route": [
        0,
        8,
        13,
        5,
        3,
        7,
        21
      ],
      "arrival": [
        null,
        0.51193518,
        7.0990329,
        7.4287849,
        7.828846,
        7.9893463,
        8.7467892
      ],
      "departure": [
        0.0,
        6.9562333,
        7.1823662,
        7.5121183,
        7.9121793,
        8.0726796,
        null
      ],
      "service": [
        null,
        6.8729,
        7.0990329,
        7.4287849,
        7.828846,
        7.9893463,
        null
      ],
      "trips": [
        {
          "id": 1,
          "route": [
            8,
            9,
            5
          ],
          "arrival": [
            null,
            1.7035333,
            7.4121183
          ],
          "departure": [
            1.5099528,
            7.2564859,
            null
          ],
          "service": [
            null,
            1.7202,
            null
          ]
        }
      ]
    },
    {
      "id": 3,
      "route": [
        0,
        12,
        21
      ],
      "arrival": [
        null,
        0.6664384,
        6.8249717
      ],
      "departure": [
        0.0,
        6.1585333,
        null
      ],
      "service": [
        null,
        6.0752,
        null
      ],
      "trips": []
    }
  ]
}