{
  "weights": {
    "cost": 0.0,
    "tardiness": 1.0
  },
  "status": "Feasible",
  "objective": 7.378603151826015,
  "time": 35999.26530480385,
  "routes": [
    {
      "id": 1,
      "route": [
        0,
        6,
        4,
        11,
        21
      ],
      "arrival": [
        null,
        8.85092606400012,
        9.070065188870583,
        11.061269818492681,
        12.752238462406671
      ],
      "departure": [
        8.335678641656527,
        8.934259397333454,
        9.153398522203917,
        11.144603151826015,
        null
      ],
      "service": [
        null,
        8.85092606400012,
        9.070065188870583,
        11.061269818492681,
        null
      ],
      "trips": []
    },
    {
      "id": 2,
      "route": [
        0,
        19,
        12,
        14,
        20,
        21
      ],
      "arrival": [
        null,
        2.7488147936667318,
        9.245350181797646,
        10.104530567427583,
        13.385730191977814,
        15.094720765524084
      ],
      "departure": [
        2.094720765524084,
        7.843533333333694,
        9.32868351513098,
        10.187863900760917,
        13.46906352531115,
        null
      ],
      "service": [
        null,
        7.76020000000036,
        9.245350181797646,
        10.104530567427583,
        13.385730191977814,
        null
      ],
      "trips": []
    },
    {
      "id": 3,
      "route": [
        0,
        8,
        17,
        16,
        3,
        2,
        7,
        13,
        5,
        1,
        9,
        21
      ],
      "arrival": [
        null,
        0.5119351808333441,
        3.7738800299083195,
        5.332999999998856,
        6.525682569929618,
        6.836372091963881,
        7.324656466573273,
        8.742131274117172,
        9.749369818492681,
        10.04822904522459,
        10.302378658569253,
        11.25366719726508
      ],
      "departure": [
        0.0,
        2.011928875941301,
        3.8572133632416534,
        5.41633333333219,
        6.609015903262952,
        7.0201333333333285,
        7.720952644539734,
        8.825464607450506,
        9.83270315182479,
        10.131562378558499,
        10.385711991902587,
        null
      ],
      "service": [
        null,
        1.928595542607967,
        3.7738800299083195,
        5.332999999998856,
        6.525682569929618,
        6.9367999999999945,
        7.6376193112064,
        8.742131274117172,
        9.749369818492681,
        10.048229045225165,
        10.302378658569253,
        null
      ],
      "trips": [
        {
          "id": 1,
          "route": [
            2,
            15,
            7
          ],
          "arrival": [
            null,
            7.241966866685404,
            7.704285977873067
          ],
          "departure": [
            6.836372091963881,
            7.341966866685405,
            null
          ],
          "service": [
            null,
            7.2586335333520715,
            null
          ]
        },
        {
          "id": 2,
          "route": [
            13,
            18,
            9
          ],
          "arrival": [
            null,
            8.825962539220221,
            10.31904532523592
          ],
          "departure": [
            8.742131274117638,
            9.680562444680783,
            null
          ],
          "service": [
            null,
            8.842629205886888,
            null
          ]
        },
        {
          "id": 3,
          "route": [
            9,
            10,
            21
          ],
          "arrival": [
            null,
            10.441832850749552,
            11.237000530598413
          ],
          "departure": [
            10.302378658569255,
            10.8638781897875,
            null
          ],
          "service": [
            null,
            10.45849951741622,
            null
          ]
        }
      ]
    }
  ]
}