{
  "weights": {
    "cost": 0.0,
    "tardiness": 1.0
  },
  "status": "Optimal",
  "objective": 4.5937102,
  "time": 35995.02462601662,
  "routes": [
    {
      "id": 1,
      "route": [
        0,
        11,
        6,
        13,
        12,
        20,
        21
      ],
      "arrival": [
        null,
        0.9841722,
        6.4520768,
        6.8012652,
        7.0245388,
        8.1872499,
        9.6584071
      ],
      "departure": [
        0.0,
        6.1533333,
        6.6954781,
        6.8845985,
        7.1078721,
        8.2705833,
        null
      ],
      "service": [
        null,
        6.07,
        6.4520768,
        6.8012652,
        7.0245388,
        8.1872499,
        null
      ],
      "trips": [
        {
          "id": 1,
          "route": [
            11,
            7,
            21
          ],
          "arrival": [
            null,
            4.2899333,
            7.7817634
          ],
          "departure": [
            4.1452568,
            7.4095426,
            null
          ],
          "service": [
            null,
            4.3066,
            null
          ]
        },
        {
          "id": 2,
          "route": [
            6,
            2,
            13
          ],
          "arrival": [
            null,
            6.6246048,
            6.8679319
          ],
          "departure": [
            6.4520768,
            6.7246048,
            null
          ],
          "service": [
            null,
            6.6412715,
            null
          ]
        },
        {
          "id": 3,
          "route": [
            12,
            8,
            21
          ],
          "arrival": [
            null,
            7.1765603,
            7.7817634
          ],
          "departure": [
            7.0245388,
            7.2765603,
            null
          ],
          "service": [
            null,
            7.193227,
            null
          ]
        }
      ]
    },
    {
      "id": 2,
      "route": [
        0,
        9,
        18,
        5,
        21
      ],
      "arrival": [
        null,
        1.067862,
        2.183627,
        7.5973792,
        8.8267393
      ],
      "departure": [
        0.0,
        1.2563333,
        6.5941279,
        8.0407333,
        null
      ],
      "service": [
        null,
        1.173,
        2.183627,
        7.9574,
        null
      ],
      "trips": [
        {
          "id": 1,
          "route": [
            18,
            16,
            5
          ],
          "arrival": [
            null,
            6.7007685,
            7.5807125
          ],
          "departure": [
            6.5941279,
            7.1368846,
            null
          ],
          "service": [
            null,
            7.0503,
            null
          ]
        }
      ]
    },
    {
      "id": 3,
      "route": [
        0,
        17,
        4,
        3,
        14,
        1,
        10,
        21
      ],
      "arrival": [
        null,
        1.2504503,
        5.7005744,
        6.0218067,
        7.1780043,
        8.5647166,
        9.0741931,
        9.8808031
      ],
      "departure": [
        0.0,
        4.737007,
        5.7839078,
        6.1051401,
        7.2613376,
        8.64805,
        9.1575264,
        null
      ],
      "service": [
        null,
        4.6536737,
        5.7005744,
        6.0218067,
        7.1780043,
        8.5647166,
        9.0741931,
        null
      ],
      "trips": [
        {
          "id": 1,
          "route": [
            17,
            19,
            4
          ],
          "arrival": [
            null,
            4.858131,
            5.7672411
          ],
          "departure": [
            4.737007,
            5.2840341,
            null
          ],
          "service": [
            null,
            5.1538,
            null
          ]
        },
        {
          "id": 2,
          "route": [
            14,
            15,
            10
          ],
          "arrival": [
            null,
            7.2371104,
            9.0575264
          ],
          "departure": [
            7.1780043,
            8.4100173,
            null
          ],
          "service": [
            null,
            7.2537771,
            null
          ]
        }
      ]
    }
  ]
}