{
  "weights": {
    "cost": 0.0,
    "tardiness": 1.0
  },
  "status": "Feasible",
  "objective": 6.891358711571077,
  "time": 35999.289226055145,
  "routes": [
    {
      "id": 1,
      "route": [
        0,
        3,
        18,
        15,
        12,
        9,
        8,
        16,
        21
      ],
      "arrival": [
        null,
        4.2348077379587945,
        6.073025427939907,
        7.5347700357968765,
        8.229200000000008,
        9.547764750974741,
        9.763858762204189,
        11.346231075404756,
        13.2595171617297
      ],
      "departure": [
        3.1933739642318475,
        4.318141071292128,
        6.156358761273241,
        7.6181033691302105,
        8.312533333333342,
        9.631098084308075,
        9.847192095537523,
        11.42956440873809,
        null
      ],
      "service": [
        null,
        4.2348077379587945,
        6.073025427939907,
        7.5347700357968765,
        8.229200000000008,
        9.547764750974741,
        9.763858762204189,
        11.346231075404756,
        null
      ],
      "trips": [
        {
          "id": 1,
          "route": [
            9,
            1,
            8
          ],
          "arrival": [
            null,
            9.602896704474183,
            9.8195158424111
          ],
          "departure": [
            9.547764750974741,
            9.702896704474185,
            null
          ],
          "service": [
            null,
            9.61956337114085,
            null
          ]
        }
      ]
    },
    {
      "id": 2,
      "route": [
        0,
        2,
        5,
        19,
        21
      ],
      "arrival": [
        null,
        5.134817768934317,
        5.4221,
        7.228180086981125,
        8.24825419462691
      ],
      "departure": [
        4.245810888832699,
        5.218151102267651,
        5.505433333333336,
        7.3115134203144585,
        null
      ],
      "service": [
        null,
        5.134817768934317,
        5.4221,
        7.228180086981125,
        null
      ],
      "trips": []
    },
    {
      "id": 3,
      "route": [
        0,
        14,
        7,
        6,
        11,
        4,
        20,
        17,
        21
      ],
      "arrival": [
        null,
        5.287317322182416,
        7.047674444454621,
        7.178642624148223,
        8.518290943494113,
        9.966050530404566,
        10.934158500417967,
        12.74965611525257,
        17.34335707412574
      ],
      "departure": [
        4.343357074125743,
        5.37065065551575,
        7.131007777787955,
        7.261975957481557,
        8.601624276827447,
        10.049383863737907,
        11.017491833751302,
        16.09887404308418,
        null
      ],
      "service": [
        null,
        5.287317322182416,
        7.047674444454621,
        7.178642624148223,
        8.518290943494113,
        9.966050530404573,
        10.934158500417968,
        12.749656115252568,
        null
      ],
      "trips": [
        {
          "id": 1,
          "route": [
            7,
            10,
            6
          ],
          "arrival": [
            null,
            7.102933333333333,
            7.245309290814884
          ],
          "departure": [
            7.067776147627898,
            7.202933333333332,
            null
          ],
          "service": [
            null,
            7.1196,
            null
          ]
        },
        {
          "id": 2,
          "route": [
            11,
            13,
            4
          ],
          "arrival": [
            null,
            8.705458711571076,
            9.949383863737898
          ],
          "departure": [
            8.518290943494113,
            9.352655324401939,
            null
          ],
          "service": [
            null,
            8.722125378237743,
            null
          ]
        }
      ]
    }
  ]
}