{
  "weights": {
    "cost": 0.0,
    "tardiness": 1.0
  },
  "status": "Feasible",
  "objective": 5.4306946137507754,
  "time": 35999.73433446884,
  "routes": [
    {
      "id": 1,
      "route": [
        0,
        15,
        12,
        4,
        13,
        8,
        6,
        1,
        9,
        17,
        16,
        21
      ],
      "arrival": [
        null,
        3.487169244114675,
        7.6187000000000005,
        8.348123374344354,
        8.875255847947432,
        9.59361745108093,
        9.945057462662847,
        10.286485439074655,
        10.556594236316071,
        12.390361280417443,
        13.661601022442069,
        15.040356763722476
      ],
      "departure": [
        2.0403567637224764,
        4.215369883769988,
        7.7020333333333335,
        8.431456707677688,
        8.958589181281317,
        9.676950784414263,
        10.02839079599618,
        10.369818772407989,
        10.639927569649405,
        12.473694613750505,
        13.744934355775403,
        null
      ],
      "service": [
        null,
        4.132036550436654,
        7.6187,
        8.348123374344354,
        8.875255847947983,
        9.59361745108093,
        9.945057462662847,
        10.286485439074655,
        10.556594236316071,
        12.390361280417443,
        13.661601022442069,
        null
      ],
      "trips": []
    },
    {
      "id": 2,
      "route": [
        0,
        19,
        21
      ],
      "arrival": [
        null,
        1.845532489148475,
        12.568173161660177
      ],
      "departure": [
        0.0,
        10.722640672511703,
        null
      ],
      "service": [
        null,
        4.4735,
        null
      ],
      "trips": []
    },
    {
      "id": 3,
      "route": [
        0,
        11,
        3,
        5,
        7,
        18,
        14,
        20,
        21
      ],
      "arrival": [
        null,
        4.890913065314395,
        7.899691247856023,
        8.183081165735375,
        8.424889035996781,
        10.549893220919877,
        11.609043488178996,
        12.354361280417443,
        15.606811470739725
      ],
      "departure": [
        2.606811470739725,
        5.21033803629296,
        7.9830245811893565,
        8.300749451799883,
        8.508222369330115,
        10.633226554253211,
        11.69237682151233,
        14.245402600922166,
        null
      ],
      "service": [
        null,
        4.890913065314395,
        7.899691247856023,
        8.183081165735375,
        8.424889035996781,
        10.549893220919877,
        11.609043488178996,
        12.354361280417443,
        null
      ],
      "trips": [
        {
          "id": 1,
          "route": [
            3,
            2,
            10,
            7
          ],
          "arrival": [
            null,
            8.120452629529517,
            8.338133333333332,
            8.487431016055343
          ],
          "departure": [
            7.9830245811893565,
            8.220452629529518,
            8.438133333333333,
            null
          ],
          "service": [
            null,
            8.137119296196184,
            8.3548,
            null
          ]
        }
      ]
    }
  ]
}