{
  "weights": {
    "cost": 0.0,
    "tardiness": 1.0
  },
  "status": "Optimal",
  "objective": 3.3850958,
  "time": 35996.85966038704,
  "routes": [
    {
      "id": 1,
      "route": [
        0,
        18,
        9,
        15,
        21
      ],
      "arrival": [
        null,
        1.4669976,
        6.3754619,
        7.9546976,
        9.7836645
      ],
      "departure": [
        0.0,
        4.9699333,
        6.7021333,
        8.0380309,
        null
      ],
      "service": [
        null,
        4.8866,
        6.6188,
        7.9546976,
        null
      ],
      "trips": []
    },
    {
      "id": 2,
      "route": [
        0,
        17,
        2,
        4,
        5,
        10,
        16,
        6,
        21
      ],
      "arrival": [
        null,
        0.48552896,
        2.7767828,
        3.6575166,
        5.0695898,
        6.8086344,
        8.004374,
        9.8110761,
        11.160121
      ],
      "departure": [
        0.0,
        1.1541333,
        2.8601162,
        3.7408499,
        5.1529231,
        6.8919678,
        8.0877073,
        9.8944095,
        null
      ],
      "service": [
        null,
        1.0708,
        2.7767828,
        3.6575166,
        5.0695898,
        6.8086344,
        8.004374,
        9.8110761,
        null
      ],
      "trips": [
        {
          "id": 1,
          "route": [
            10,
            11,
            16
          ],
          "arrival": [
            null,
            7.1423777,
            7.9877073
          ],
          "departure": [
            6.8086344,
            7.6432391,
            null
          ],
          "service": [
            null,
            7.1590444,
            null
          ]
        }
      ]
    },
    {
      "id": 3,
      "route": [
        0,
        14,
        1,
        8,
        13,
        19,
        3,
        20,
        21
      ],
      "arrival": [
        null,
        1.8608316,
        4.8904884,
        6.5678081,
        8.0171624,
        9.0615708,
        9.3896372,
        10.860685,
        12.53854
      ],
      "departure": [
        0.0,
        3.2776333,
        4.9738217,
        6.8150333,
        8.1004958,
        9.1449041,
        9.4729705,
        10.944019,
        null
      ],
      "service": [
        null,
        3.1943,
        4.8904884,
        6.7317,
        8.0171624,
        9.0615708,
        9.3896372,
        10.860685,
        null
      ],
      "trips": [
        {
          "id": 1,
          "route": [
            1,
            7,
            8
          ],
          "arrival": [
            null,
            5.0391758,
            6.5511414
          ],
          "departure": [
            4.8904884,
            5.8393986,
            null
          ],
          "service": [
            null,
            5.0558425,
            null
          ]
        },
        {
          "id": 2,
          "route": [
            13,
            12,
            20
          ],
          "arrival": [
            null,
            8.2703928,
            10.762513
          ],
          "departure": [
            8.1004958,
            10.130582,
            null
          ],
          "service": [
            null,
            8.2870594,
            null
          ]
        }
      ]
    }
  ]
}