{
  "weights": {
    "cost": 0.0,
    "tardiness": 1.0
  },
  "status": "Feasible",
  "objective": 0.20895700621994528,
  "time": 35999.76745271683,
  "routes": [
    {
      "id": 1,
      "route": [
        0,
        18,
        17,
        9,
        21
      ],
      "arrival": [
        null,
        2.088265706979394,
        2.260893227613315,
        3.9001914548884216,
        6.8587510448458655
      ],
      "departure": [
        1.2018805157625767,
        2.171599040312728,
        2.3442265609466495,
        5.215833333333336,
        null
      ],
      "service": [
        null,
        2.088265706979394,
        2.260893227613315,
        5.1325,
        null
      ],
      "trips": []
    },
    {
      "id": 2,
      "route": [
        0,
        3,
        20,
        13,
        21
      ],
      "arrival": [
        null,
        1.3099242268783513,
        3.0709621346082936,
        3.649098725884585,
        7.63179141067093
      ],
      "departure": [
        0.0,
        1.6995333333333331,
        3.2553333333333363,
        6.841333333333333,
        null
      ],
      "service": [
        null,
        1.6162,
        3.172,
        6.758,
        null
      ],
      "trips": [
        {
          "id": 1,
          "route": [
            20,
            15,
            13
          ],
          "arrival": [
            null,
            3.208776760509604,
            3.911177524489385
          ],
          "departure": [
            3.070962134608294,
            3.779764301320355,
            null
          ],
          "service": [
            null,
            3.696430967987021,
            null
          ]
        }
      ]
    },
    {
      "id": 3,
      "route": [
        0,
        6,
        4,
        5,
        7,
        16,
        19,
        11,
        1,
        2,
        8,
        12,
        21
      ],
      "arrival": [
        null,
        1.6674224787325613,
        2.7136236728866208,
        3.378127082469769,
        3.5856000000000012,
        5.373423672886611,
        5.705722817951432,
        7.373423672886622,
        7.910448269995534,
        8.32227035863034,
        8.538808963797301,
        8.881946412842243,
        10.403909871411912
      ],
      "departure": [
        0.0,
        2.464652115207296,
        3.1781310661340516,
        3.461460415803103,
        3.668933333333335,
        5.456757006219946,
        6.029128105262203,
        7.456757006219955,
        7.993781603328866,
        8.430333333333337,
        8.622142297130635,
        8.978426134414416,
        null
      ],
      "service": [
        null,
        1.9862,
        2.7136236728866208,
        3.378127082469769,
        3.5856000000000012,
        5.373423672886612,
        5.705722817951432,
        7.373423672886621,
        7.910448269995532,
        8.347,
        8.5388089637973,
        8.895092801081082,
        null
      ],
      "trips": [
        {
          "id": 1,
          "route": [
            16,
            14,
            19
          ],
          "arrival": [
            null,
            5.444344105813092,
            6.012461438595535
          ],
          "departure": [
            5.373423672886613,
            5.925038881424636,
            null
          ],
          "service": [
            null,
            5.841705548091302,
            null
          ]
        },
        {
          "id": 2,
          "route": [
            1,
            10,
            8
          ],
          "arrival": [
            null,
            8.127078138870298,
            8.388468335543909
          ],
          "departure": [
            7.910448269995534,
            8.242036629102635,
            null
          ],
          "service": [
            null,
            8.143744805536965,
            null
          ]
        }
      ]
    }
  ]
}