{
  "weights": {
    "cost": 0.0,
    "tardiness": 1.0
  },
  "status": "Optimal",
  "objective": 5.9485504,
  "time": 35990.03742098808,
  "routes": [
    {
      "id": 1,
      "route": [
        0,
        7,
        5,
        4,
        16,
        10,
        21
      ],
      "arrival": [
        null,
        1.1276769,
        1.9487096,
        2.3233365,
        6.3868,
        7.7428335,
        9.0440921
      ],
      "departure": [
        0.0,
        1.7629333,
        2.0320429,
        4.9522807,
        6.4701333,
        7.8261668,
        null
      ],
      "service": [
        null,
        1.6796,
        1.9487096,
        4.3797,
        6.3868,
        7.7428335,
        null
      ],
      "trips": [
        {
          "id": 1,
          "route": [
            4,
            3,
            10
          ],
          "arrival": [
            null,
            5.0448996,
            7.104646
          ],
          "departure": [
            4.9522807,
            6.9354524,
            null
          ],
          "service": [
            null,
            5.0615662,
            null
          ]
        }
      ]
    },
    {
      "id": 2,
      "route": [
        0,
        9,
        13,
        19,
        14,
        18,
        17,
        8,
        2,
        12,
        15,
        11,
        6,
        1,
        21
      ],
      "arrival": [
        null,
        1.1110029,
        3.8475167,
        4.0524517,
        4.2989244,
        4.4460701,
        5.7583917,
        7.5595303,
        7.8896441,
        9.4037128,
        9.6556203,
        10.049463,
        11.527917,
        11.790968,
        12.960804
      ],
      "departure": [
        0.0,
        2.3327333,
        3.93085,
        4.1357851,
        4.3822577,
        5.4142333,
        5.841725,
        7.6428636,
        7.9729774,
        9.4870461,
        9.7389537,
        10.132796,
        11.61125,
        11.874301,
        null
      ],
      "service": [
        null,
        2.2494,
        3.8475167,
        4.0524517,
        4.2989244,
        5.3309,
        5.7583917,
        7.5595303,
        7.8896441,
        9.4037128,
        9.6556203,
        10.049463,
        11.527917,
        11.790968,
        null
      ],
      "trips": [
        {
          "id": 1,
          "route": [
            11,
            20,
            1
          ],
          "arrival": [
            null,
            10.194788,
            11.774301
          ],
          "departure": [
            10.132796,
            11.006771,
            null
          ],
          "service": [
            null,
            10.211455,
            null
          ]
        }
      ]
    }
  ]
}