{
  "weights": {
    "cost": 0.0,
    "tardiness": 1.0
  },
  "status": "Feasible",
  "objective": 4.668114590986701,
  "time": 35999.226940870285,
  "routes": [
    {
      "id": 1,
      "route": [
        0,
        14,
        2,
        15,
        4,
        13,
        3,
        12,
        21
      ],
      "arrival": [
        null,
        2.0294,
        3.604330479928489,
        5.1072,
        5.769017107213394,
        7.775372318193764,
        8.118582121846526,
        10.278040444454657,
        11.811713034262596
      ],
      "departure": [
        1.2861115267553158,
        2.112733333333331,
        4.377218012921312,
        5.1905333333333346,
        5.8523504405467275,
        7.858705651527098,
        8.20191545517986,
        10.36137377778799,
        null
      ],
      "service": [
        null,
        2.0294,
        4.293884679587978,
        5.1072,
        5.769017107213394,
        7.775372318193764,
        8.118582121846526,
        10.278040444454657,
        null
      ],
      "trips": []
    },
    {
      "id": 2,
      "route": [
        0,
        5,
        6,
        10,
        21
      ],
      "arrival": [
        null,
        1.9356,
        3.956143116742048,
        6.087339645741245,
        7.287673680968515
      ],
      "departure": [
        0.7913040724789537,
        2.0189333333333366,
        4.447433333333336,
        6.705333333333336,
        null
      ],
      "service": [
        null,
        1.9356,
        4.3641,
        6.622,
        null
      ],
      "trips": []
    },
    {
      "id": 3,
      "route": [
        0,
        7,
        9,
        11,
        19,
        8,
        18,
        20,
        1,
        21
      ],
      "arrival": [
        null,
        1.9695186713566892,
        2.9995182069695847,
        4.508566666666667,
        6.294990252759527,
        9.16163376198338,
        11.220781257653368,
        11.73738720628214,
        12.959259554315903,
        14.089258029795438
      ],
      "departure": [
        1.171100749785853,
        2.052852004690024,
        3.0828515403029186,
        5.782451100154596,
        6.7824511001545975,
        9.244967095316714,
        11.304114590986702,
        11.820720539615474,
        13.042592887649237,
        null
      ],
      "service": [
        null,
        1.9695186713566901,
        2.9995182069695847,
        4.508566666666667,
        6.294990252759527,
        9.16163376198338,
        11.220781257653368,
        11.73738720628214,
        12.959259554315903,
        null
      ],
      "trips": [
        {
          "id": 1,
          "route": [
            7,
            17,
            9
          ],
          "arrival": [
            null,
            2.5526590900125736,
            3.066184873636251
          ],
          "departure": [
            2.052852004690024,
            2.70329480416099,
            null
          ],
          "service": [
            null,
            2.569325756679241,
            null
          ]
        },
        {
          "id": 2,
          "route": [
            11,
            16,
            19
          ],
          "arrival": [
            null,
            5.839367840828192,
            6.76578443348793
          ],
          "departure": [
            5.782451100154596,
            6.508533333333332,
            null
          ],
          "service": [
            null,
            6.4252,
            null
          ]
        }
      ]
    }
  ]
}