{
  "weights": {
    "cost": 1.0,
    "tardiness": 0.0
  },
  "status": "Feasible",
  "objective": 5607.8062720259495,
  "time": 35999.80024576187,
  "routes": [
    {
      "id": 1,
      "route": [
        0,
        6,
        19,
        18,
        20,
        16,
        17,
        12,
        7,
        3,
        11,
        13,
        4,
        1,
        15,
        5,
        10,
        8,
        21
      ],
      "arrival": [
        null,
        8.153679318964716,
        9.310629041479489,
        9.526621058729114,
        9.9207744980572,
        10.29682898147626,
        10.749520415174802,
        12.041114278236842,
        12.144408925854004,
        12.304909203726353,
        12.438897116306318,
        12.568117680129328,
        12.682576713550993,
        12.811995758355348,
        13.275861664156869,
        13.47029787869079,
        13.619927824556369,
        13.802060834398432,
        14.397329348565108
      ],
      "departure": [
        7.638431896621123,
        8.23701265229805,
        9.393962374812823,
        9.609954392062448,
        10.004107831390534,
        10.380162314809594,
        10.832853748508136,
        12.124447611570176,
        12.227742259187337,
        12.388242537059687,
        12.522230449639652,
        12.651451013462662,
        12.765910046884327,
        13.171438651957658,
        13.359194997490203,
        13.553631212024124,
        13.703261157889703,
        13.885394167731766,
        null
      ],
      "service": [
        null,
        8.153679318964716,
        9.310629041479489,
        9.526621058729114,
        9.9207744980572,
        10.29682898147626,
        10.749520415174802,
        12.041114278236842,
        12.144408925854004,
        12.304909203726353,
        12.438897116306318,
        12.568117680129328,
        12.682576713550993,
        12.916666666666666,
        13.275861664156869,
        13.47029787869079,
        13.619927824556369,
        13.802060834398432,
        null
      ],
      "trips": [
        {
          "id": 1,
          "route": [
            12,
            14,
            3
          ],
          "arrival": [
            null,
            12.162810150518743,
            12.37157587039302
          ],
          "departure": [
            12.041114278236842,
            12.267150773416946,
            null
          ],
          "service": [
            null,
            12.17947681718541,
            null
          ]
        },
        {
          "id": 2,
          "route": [
            3,
            2,
            1
          ],
          "arrival": [
            null,
            12.50897533462556,
            13.15477198529099
          ],
          "departure": [
            12.354909203726354,
            13.0,
            null
          ],
          "service": [
            null,
            12.916666666666666,
            null
          ]
        },
        {
          "id": 3,
          "route": [
            1,
            9,
            15
          ],
          "arrival": [
            null,
            12.94198393868246,
            13.171787456533982
          ],
          "departure": [
            12.811995758355348,
            13.041983938682462,
            null
          ],
          "service": [
            null,
            12.958650605349128,
            null
          ]
        }
      ]
    }
  ]
}