{
  "weights": {
    "cost": 1.0,
    "tardiness": 0.0
  },
  "status": "Feasible",
  "objective": 14094.215146230288,
  "time": 35999.11228966713,
  "routes": [
    {
      "id": 1,
      "route": [
        0,
        9,
        12,
        10,
        21
      ],
      "arrival": [
        null,
        11.63410269174308,
        12.16820344688026,
        13.182419243233364,
        24.08281722006133
      ],
      "departure": [
        11.08281722006133,
        11.741972989973094,
        12.645086560226995,
        23.390752617161723,
        null
      ],
      "service": [
        null,
        11.65863965663976,
        12.16820344688026,
        13.182419243233364,
        null
      ],
      "trips": [
        {
          "id": 1,
          "route": [
            12,
            19,
            10
          ],
          "arrival": [
            null,
            13.0,
            13.502807003416251
          ],
          "departure": [
            12.535035163727262,
            13.100000000000001,
            null
          ],
          "service": [
            null,
            13.016666666666667,
            null
          ]
        }
      ]
    },
    {
      "id": 2,
      "route": [
        0,
        5,
        18,
        7,
        11,
        16,
        3,
        8,
        14,
        4,
        6,
        17,
        1,
        13,
        21
      ],
      "arrival": [
        null,
        4.496499204269627,
        6.67750231409515,
        8.583954721709283,
        9.400875545303307,
        9.572554643277119,
        11.082756919795745,
        11.299131043833818,
        12.254161235945745,
        13.571324262657788,
        14.007739656639762,
        14.25480152396844,
        15.11642809484844,
        15.817431954148214,
        16.723530230421492
      ],
      "departure": [
        3.723530230421492,
        5.515397834965736,
        6.760835647428486,
        8.667288055042617,
        9.484208878636641,
        9.91761738277052,
        11.166090253129079,
        11.382464377167151,
        12.337494569279079,
        13.654657595991122,
        14.091072989973096,
        14.338134857301775,
        15.199761428181773,
        15.900765287481548,
        null
      ],
      "service": [
        null,
        4.496499204269627,
        6.677502314095152,
        8.583954721709283,
        9.400875545303307,
        9.572554643277119,
        11.082756919795745,
        11.299131043833818,
        12.254161235945745,
        13.571324262657788,
        14.007739656639762,
        14.25480152396844,
        15.11642809484844,
        15.817431954148214,
        null
      ],
      "trips": [
        {
          "id": 1,
          "route": [
            5,
            2,
            18
          ],
          "arrival": [
            null,
            5.81638014300211,
            6.74416898076182
          ],
          "departure": [
            5.515397834965736,
            6.204219013070373,
            null
          ],
          "service": [
            null,
            5.833046809668778,
            null
          ]
        },
        {
          "id": 2,
          "route": [
            11,
            15,
            16
          ],
          "arrival": [
            null,
            9.57596264165819,
            9.900950716103852
          ],
          "departure": [
            9.400875545303307,
            9.675962641658192,
            null
          ],
          "service": [
            null,
            9.592629308324858,
            null
          ]
        },
        {
          "id": 3,
          "route": [
            16,
            20,
            21
          ],
          "arrival": [
            null,
            10.056424971406171,
            16.706863563754823
          ],
          "departure": [
            9.572554643277119,
            16.36734703490839,
            null
          ],
          "service": [
            null,
            10.073091638072839,
            null
          ]
        }
      ]
    }
  ]
}