{
  "weights": {
    "cost": 1.0,
    "tardiness": 0.0
  },
  "status": "Feasible",
  "objective": 13858.555775094079,
  "time": 35999.2515335083,
  "routes": [
    {
      "id": 1,
      "route": [
        0,
        20,
        21
      ],
      "arrival": [
        null,
        1.6256572402129343,
        6.652190573546269
      ],
      "departure": [
        0.0,
        5.026533333333335,
        null
      ],
      "service": [
        null,
        4.9432,
        null
      ],
      "trips": []
    },
    {
      "id": 2,
      "route": [
        0,
        14,
        12,
        17,
        11,
        16,
        18,
        13,
        19,
        15,
        5,
        10,
        8,
        6,
        7,
        2,
        9,
        1,
        4,
        3,
        21
      ],
      "arrival": [
        null,
        5.561774628001551,
        8.230380385629939,
        8.97750931039525,
        10.33502197677458,
        12.090258845692492,
        12.808347960045902,
        13.006863787614785,
        13.334338479717811,
        13.768261666598049,
        14.180768998656964,
        14.330398944522543,
        14.512531954364606,
        14.762556280606553,
        15.004751771341372,
        15.392608237914645,
        15.586619078870507,
        15.840768692214596,
        15.970187737018952,
        16.154955719380162,
        16.98956557699759
      ],
      "departure": [
        3.9895655769975917,
        7.454533333333336,
        8.313713718963273,
        9.060842643728584,
        10.418355310107914,
        12.173592179025826,
        12.891681293379236,
        13.090197120948119,
        13.417671813051145,
        13.851594999931383,
        14.264102331990298,
        14.413732277855877,
        14.59586528769794,
        14.845889613939887,
        15.088085104674706,
        15.47594157124798,
        15.669952412203841,
        15.92410202554793,
        16.05352107035229,
        16.238289052713498,
        null
      ],
      "service": [
        null,
        7.3712,
        8.230380385629939,
        8.97750931039525,
        10.33502197677458,
        12.090258845692492,
        12.808347960045902,
        13.006863787614785,
        13.334338479717811,
        13.768261666598049,
        14.180768998656964,
        14.330398944522543,
        14.512531954364606,
        14.762556280606553,
        15.004751771341372,
        15.392608237914645,
        15.586619078870507,
        15.840768692214596,
        15.970187737018952,
        16.154955719380162,
        null
      ],
      "trips": []
    }
  ]
}