{
  "weights": {
    "cost": 1.0,
    "tardiness": 0.0
  },
  "status": "Feasible",
  "objective": 10108.226645886207,
  "time": 35999.36912679672,
  "routes": [
    {
      "id": 1,
      "route": [
        0,
        15,
        18,
        16,
        13,
        5,
        8,
        4,
        9,
        6,
        7,
        10,
        3,
        1,
        12,
        19,
        11,
        14,
        21
      ],
      "arrival": [
        null,
        4.399546096832687,
        5.374669941921205,
        5.680872216586293,
        6.234890347449545,
        7.641994497958587,
        7.790263412736817,
        8.078130580214536,
        8.25912669113875,
        10.341766527711162,
        10.618735330856046,
        10.753523693978426,
        10.9376167515774,
        11.064049392210627,
        11.344776356597514,
        13.512114296084262,
        14.050871320563665,
        14.997687685449321,
        16.323114590871448
      ],
      "departure": [
        3.323114590871448,
        4.482879430166021,
        5.458003275254539,
        5.764205549919627,
        6.318223680782879,
        7.725327831291921,
        7.873596746070151,
        8.16146391354787,
        10.290227867616471,
        10.425099861044496,
        10.70206866418938,
        10.83685702731176,
        11.020950084910734,
        11.147382725543961,
        11.428109689930848,
        13.595447629417595,
        14.242085583224075,
        15.081021018782655,
        null
      ],
      "service": [
        null,
        4.399546096832687,
        5.374669941921205,
        5.680872216586293,
        6.234890347449545,
        7.641994497958587,
        7.790263412736817,
        8.078130580214536,
        8.399799999999999,
        10.341766527711162,
        10.618735330856046,
        10.753523693978426,
        10.9376167515774,
        11.064049392210627,
        11.344776356597514,
        13.512114296084262,
        14.050871320563665,
        14.997687685449321,
        null
      ],
      "trips": [
        {
          "id": 1,
          "route": [
            4,
            2,
            9
          ],
          "arrival": [
            null,
            8.212762296689812,
            8.477719458486387
          ],
          "departure": [
            8.078130580214534,
            8.312762296689813,
            null
          ],
          "service": [
            null,
            8.22942896335648,
            null
          ]
        },
        {
          "id": 2,
          "route": [
            6,
            17,
            1
          ],
          "arrival": [
            null,
            10.485792193491957,
            11.130716058877294
          ],
          "departure": [
            10.341766527711162,
            10.96211221740971,
            null
          ],
          "service": [
            null,
            10.502458860158624,
            null
          ]
        },
        {
          "id": 3,
          "route": [
            11,
            20,
            14
          ],
          "arrival": [
            null,
            14.430665448878086,
            14.981021018782654
          ],
          "departure": [
            14.050871320563665,
            14.530665448878088,
            null
          ],
          "service": [
            null,
            14.447332115544754,
            null
          ]
        }
      ]
    }
  ]
}