{
  "weights": {
    "cost": 1.0,
    "tardiness": 0.0
  },
  "status": "Feasible",
  "objective": 7681.887471569596,
  "time": 35999.280620098114,
  "routes": [
    {
      "id": 1,
      "route": [
        0,
        17,
        15,
        19,
        18,
        12,
        11,
        14,
        20,
        13,
        16,
        1,
        3,
        7,
        10,
        2,
        4,
        5,
        8,
        9,
        6,
        21
      ],
      "arrival": [
        null,
        3.2100243655617327,
        6.508474591421818,
        6.774011134383281,
        7.02178348494974,
        7.205526100426942,
        7.367307957329135,
        7.490514438884059,
        7.6963597870528755,
        7.9998972655288565,
        8.206296452198913,
        10.568561600833844,
        10.694994241467072,
        11.842048056225806,
        11.976836419348187,
        12.474318355725737,
        12.797602295608138,
        13.144898625800677,
        13.293167540578906,
        13.5554676165029,
        13.690339609930925,
        15.145356883725926
      ],
      "departure": [
        2.145356883725926,
        6.466233333333334,
        6.591807924755152,
        6.857344467716615,
        7.105116818283074,
        7.288859433760276,
        7.450641290662469,
        7.573847772217393,
        7.779693120386209,
        8.08323059886219,
        8.289629785532247,
        10.651894934167178,
        11.756897802125863,
        11.92538138955914,
        12.06016975268152,
        12.557651689059071,
        12.880935628941472,
        13.22823195913401,
        13.37650087391224,
        13.638800949836234,
        13.773672943264259,
        null
      ],
      "service": [
        null,
        6.3829,
        6.508474591421818,
        6.774011134383281,
        7.02178348494974,
        7.205526100426942,
        7.367307957329135,
        7.490514438884059,
        7.6963597870528755,
        7.9998972655288565,
        8.206296452198913,
        10.568561600833844,
        11.673564468792529,
        11.842048056225806,
        11.976836419348187,
        12.474318355725737,
        12.797602295608138,
        13.144898625800677,
        13.293167540578906,
        13.5554676165029,
        13.690339609930925,
        null
      ],
      "trips": []
    }
  ]
}