{
  "weights": {
    "cost": 1.0,
    "tardiness": 0.0
  },
  "status": "Feasible",
  "objective": 20482.851727507754,
  "time": 35999.99853014946,
  "routes": [
    {
      "id": 1,
      "route": [
        0,
        15,
        7,
        2,
        9,
        14,
        10,
        16,
        1,
        17,
        13,
        12,
        21
      ],
      "arrival": [
        null,
        6.566761014731384,
        7.272600000000001,
        8.117770445803583,
        9.068867116422215,
        11.410929218039152,
        11.643540640003831,
        12.655762298040388,
        13.178568234684716,
        14.231523915291849,
        14.472829699419732,
        15.41902533233166,
        16.92513669244881
      ],
      "departure": [
        5.467531822944244,
        6.650094348064718,
        7.3559333333333345,
        8.201103779136886,
        9.152200449755549,
        11.494262551372486,
        11.726873973337165,
        12.739095631373722,
        13.26190156801805,
        14.314857248625183,
        14.556163032753066,
        15.502358665664994,
        null
      ],
      "service": [
        null,
        6.566761014731384,
        7.272600000000001,
        8.117770445803552,
        9.068867116422215,
        11.410929218039152,
        11.643540640003831,
        12.655762298040388,
        13.178568234684716,
        14.231523915291849,
        14.472829699419732,
        15.41902533233166,
        null
      ],
      "trips": [
        {
          "id": 1,
          "route": [
            7,
            20,
            2
          ],
          "arrival": [
            null,
            7.697510973965608,
            8.101103779136915
          ],
          "departure": [
            7.355933333333333,
            7.973584059090408,
            null
          ],
          "service": [
            null,
            7.7141776406322755,
            null
          ]
        },
        {
          "id": 2,
          "route": [
            10,
            5,
            1
          ],
          "arrival": [
            null,
            11.942534617099065,
            13.245234901351383
          ],
          "departure": [
            11.726873973337165,
            12.97608858860317,
            null
          ],
          "service": [
            null,
            11.959201283765733,
            null
          ]
        },
        {
          "id": 3,
          "route": [
            13,
            6,
            3,
            12
          ],
          "arrival": [
            null,
            14.72573261146282,
            14.990138136170188,
            15.402358665664993
          ],
          "departure": [
            14.472829699419732,
            14.825732611462822,
            15.199476833671456,
            null
          ],
          "service": [
            null,
            14.742399278129488,
            15.006804802836855,
            null
          ]
        }
      ]
    },
    {
      "id": 2,
      "route": [
        0,
        11,
        18,
        21
      ],
      "arrival": [
        null,
        6.3632983668130585,
        6.926800000000004,
        13.016666666666667
      ],
      "departure": [
        4.312287768862429,
        6.446631700146392,
        10.799499436883934,
        null
      ],
      "service": [
        null,
        6.3632983668130585,
        6.9268,
        null
      ],
      "trips": []
    },
    {
      "id": 3,
      "route": [
        0,
        8,
        19,
        21
      ],
      "arrival": [
        null,
        7.890024388267895,
        8.842685496860556,
        10.014540697412144
      ],
      "departure": [
        6.275975275730822,
        7.973357721601229,
        8.92601883019389,
        null
      ],
      "service": [
        null,
        7.890024388267895,
        8.842685496860556,
        null
      ],
      "trips": [
        {
          "id": 1,
          "route": [
            0,
            4,
            21
          ],
          "arrival": [
            null,
            6.5778333333333325,
            6.9796913909358445
          ],
          "departure": [
            6.275975275730822,
            6.677833333333334,
            null
          ],
          "service": [
            null,
            6.5945,
            null
          ]
        }
      ]
    }
  ]
}