{
  "weights": {
    "cost": 1.0,
    "tardiness": 0.0
  },
  "status": "Feasible",
  "objective": 9192.5816680935,
  "time": 36000.02484416962,
  "routes": [
    {
      "id": 1,
      "route": [
        0,
        10,
        13,
        11,
        1,
        9,
        8,
        3,
        17,
        18,
        19,
        14,
        20,
        15,
        21
      ],
      "arrival": [
        null,
        0.7232766584688619,
        4.139672438344705,
        4.430589773383467,
        6.318580908995447,
        6.812391070087985,
        7.028485081317433,
        7.2121097736597815,
        8.114688300546245,
        8.323025227319253,
        8.564415584359137,
        8.939706309879407,
        9.139285154370972,
        9.26648512628315,
        10.781508964035012
      ],
      "departure": [
        0.0,
        4.0717333333333325,
        4.237633333333333,
        6.153333333333334,
        6.730833333333335,
        6.895724403421317,
        7.111818414650768,
        7.295443106993115,
        8.198021633879579,
        8.406358560652587,
        8.647748917692471,
        9.02303964321274,
        9.222618487704306,
        9.349818459616484,
        null
      ],
      "service": [
        null,
        3.9884,
        4.1543,
        6.07,
        6.6475,
        6.812391070087983,
        7.028485081317434,
        7.2121097736597815,
        8.114688300546245,
        8.323025227319253,
        8.564415584359137,
        8.939706309879407,
        9.139285154370972,
        9.26648512628315,
        null
      ],
      "trips": [
        {
          "id": 1,
          "route": [
            13,
            2,
            11
          ],
          "arrival": [
            null,
            4.28299944928955,
            4.485760230120206
          ],
          "departure": [
            4.139672438344704,
            4.382999449289548,
            null
          ],
          "service": [
            null,
            4.2996661159562155,
            null
          ]
        },
        {
          "id": 2,
          "route": [
            3,
            16,
            19
          ],
          "arrival": [
            null,
            7.569863868879882,
            8.155521756228868
          ],
          "departure": [
            7.2121097736597815,
            8.022169679579235,
            null
          ],
          "service": [
            null,
            7.586530535546549,
            null
          ]
        }
      ]
    },
    {
      "id": 2,
      "route": [
        0,
        12,
        21
      ],
      "arrival": [
        null,
        0.6958398924098237,
        3.937273225743157
      ],
      "departure": [
        0.0,
        3.241433333333335,
        null
      ],
      "service": [
        null,
        3.1581,
        null
      ],
      "trips": []
    },
    {
      "id": 3,
      "route": [
        0,
        4,
        6,
        5,
        7,
        21
      ],
      "arrival": [
        null,
        0.8035348188943345,
        1.5971394577057367,
        1.7810500758524768,
        8.09602639993199,
        8.912423274147521
      ],
      "departure": [
        0.0,
        1.4790333333333336,
        1.6804727910390707,
        8.040733333333334,
        8.179359733265324,
        null
      ],
      "service": [
        null,
        1.3957,
        1.5971394577057367,
        7.9574,
        8.09602639993199,
        null
      ],
      "trips": []
    }
  ]
}