{
  "weights": {
    "cost": 1.0,
    "tardiness": 0.0
  },
  "status": "Feasible",
  "objective": 13766.512799721793,
  "time": 36000.037178993225,
  "routes": [
    {
      "id": 1,
      "route": [
        0,
        5,
        21
      ],
      "arrival": [
        null,
        0.5667926739583677,
        13.016666666666667
      ],
      "departure": [
        0.016666666666667496,
        12.466540659374967,
        null
      ],
      "service": [
        null,
        7.9551,
        null
      ],
      "trips": []
    },
    {
      "id": 2,
      "route": [
        0,
        4,
        17,
        16,
        20,
        11,
        10,
        14,
        2,
        19,
        6,
        9,
        18,
        12,
        8,
        13,
        3,
        21
      ],
      "arrival": [
        null,
        9.365435423306169,
        10.041165369014687,
        11.077521207724333,
        12.130770887701901,
        12.7174590180298,
        13.011435123218781,
        13.892574614503813,
        14.800124516760917,
        15.07668607099693,
        15.746806223949589,
        16.936086249830005,
        17.663855093164493,
        18.879264280866124,
        19.773632826375554,
        20.68989717927373,
        21.164413635320507,
        21.872565825679043
      ],
      "departure": [
        8.872565825679043,
        9.448768756639502,
        10.12449870234802,
        11.160854541057667,
        12.214104221035235,
        12.800792351363134,
        13.189473307703924,
        13.975907947837147,
        14.883457850094251,
        15.160019404330264,
        15.830139557282923,
        17.019419583163337,
        17.74718842649783,
        18.96259761419946,
        19.85696615970889,
        20.773230512607064,
        21.247746968653843,
        null
      ],
      "service": [
        null,
        9.365435423306169,
        10.041165369014687,
        11.077521207724333,
        12.130770887701901,
        12.7174590180298,
        13.01143512321878,
        13.892574614503813,
        14.800124516760917,
        15.07668607099693,
        15.746806223949589,
        16.936086249830005,
        17.663855093164493,
        18.879264280866124,
        19.773632826375554,
        20.68989717927373,
        21.164413635320507,
        null
      ],
      "trips": [
        {
          "id": 1,
          "route": [
            0,
            7,
            20
          ],
          "arrival": [
            null,
            9.544647146414606,
            12.092213546024372
          ],
          "departure": [
            8.872565825679043,
            11.902852208437466,
            null
          ],
          "service": [
            null,
            9.561313813081274,
            null
          ]
        },
        {
          "id": 2,
          "route": [
            11,
            15,
            10
          ],
          "arrival": [
            null,
            12.861698307816454,
            13.17280664103726
          ],
          "departure": [
            12.7174590180298,
            12.98985347483441,
            null
          ],
          "service": [
            null,
            12.878364974483121,
            null
          ]
        },
        {
          "id": 3,
          "route": [
            10,
            1,
            14
          ],
          "arrival": [
            null,
            13.390936776167422,
            13.59444950263274
          ],
          "departure": [
            13.011435123218781,
            13.490936776167423,
            null
          ],
          "service": [
            null,
            13.40760344283409,
            null
          ]
        }
      ]
    }
  ]
}