{
  "weights": {
    "cost": 1.0,
    "tardiness": 0.0
  },
  "status": "Feasible",
  "objective": 8670.07510074713,
  "time": 36000.02625417709,
  "routes": [
    {
      "id": 1,
      "route": [
        0,
        20,
        13,
        12,
        11,
        15,
        2,
        5,
        7,
        6,
        4,
        9,
        8,
        3,
        17,
        16,
        19,
        18,
        14,
        21
      ],
      "arrival": [
        null,
        7.904773858774039,
        8.424491756633593,
        8.786696112169235,
        8.910494467288002,
        9.645389453276568,
        10.072951029813467,
        10.36023326087915,
        10.9402685365772,
        11.071236716270802,
        11.272676173976539,
        11.620336730853369,
        11.836430742082815,
        12.020055434425162,
        12.916666666666664,
        14.172663243417183,
        15.334161310953293,
        15.796155770870252,
        16.477480886895655,
        17.50477446828566
      ],
      "departure": [
        7.417092608314343,
        7.988107192107373,
        8.507825089966927,
        8.870029445502569,
        8.993827800621336,
        9.728722786609902,
        10.156284363146801,
        10.884975469978546,
        11.023601869910534,
        11.154570049604136,
        11.356009507309873,
        11.703670064186703,
        11.919764075416149,
        12.103388767758496,
        13.0,
        14.255996576750517,
        15.417494644286627,
        15.879489104203586,
        16.56081422022899,
        null
      ],
      "service": [
        null,
        7.904773858774039,
        8.424491756633593,
        8.786696112169235,
        8.910494467288002,
        9.645389453276568,
        10.072951029813467,
        10.36023326087915,
        10.9402685365772,
        11.071236716270802,
        11.272676173976539,
        11.620336730853369,
        11.836430742082815,
        12.020055434425162,
        12.916666666666666,
        14.172663243417183,
        15.334161310953293,
        15.796155770870252,
        16.477480886895655,
        null
      ],
      "trips": [
        {
          "id": 1,
          "route": [
            5,
            1,
            10,
            7
          ],
          "arrival": [
            null,
            10.552165469744754,
            10.871778017538437,
            11.006935203243867
          ],
          "departure": [
            10.36023326087915,
            10.652165469744755,
            10.971778017538432,
            null
          ],
          "service": [
            null,
            10.568832136411421,
            10.888444684205101,
            null
          ]
        }
      ]
    }
  ]
}