{
  "weights": {
    "cost": 1.0,
    "tardiness": 0.0
  },
  "status": "Feasible",
  "objective": 10873.286508575238,
  "time": 35999.6681394577,
  "routes": [
    {
      "id": 1,
      "route": [
        0,
        17,
        14,
        20,
        15,
        16,
        11,
        19,
        12,
        6,
        1,
        9,
        7,
        4,
        3,
        13,
        21
      ],
      "arrival": [
        null,
        6.141011383180976,
        7.046985822878433,
        7.7923036151168805,
        8.84836629856537,
        9.8443645671164,
        11.823946592154737,
        12.57281974769262,
        14.287422367503229,
        14.918803763703805,
        15.260231740115612,
        15.530340537357029,
        17.113049219285777,
        17.31910934083372,
        17.51096936834194,
        17.929575147770137,
        18.987560261886962
      ],
      "departure": [
        5.98756026188696,
        6.2243447165143095,
        7.130319156211767,
        8.011769461095838,
        8.931699631898704,
        9.927697900449735,
        11.907279925488051,
        12.656153081025954,
        14.370755700836565,
        15.002137097037139,
        15.343565073448946,
        16.930977849884393,
        17.196382552619113,
        17.402442674167055,
        17.594302701675275,
        18.012908481103473,
        null
      ],
      "service": [
        null,
        6.141011383180976,
        7.046985822878433,
        7.7923036151168805,
        8.84836629856537,
        9.8443645671164,
        11.823946592154718,
        12.57281974769262,
        14.287422367503229,
        14.918803763703805,
        15.260231740115612,
        16.847644516551057,
        17.113049219285777,
        17.31910934083372,
        17.51096936834194,
        17.929575147770137,
        null
      ],
      "trips": [
        {
          "id": 1,
          "route": [
            14,
            18,
            20
          ],
          "arrival": [
            null,
            7.538133333333404,
            7.995102794429171
          ],
          "departure": [
            7.046985822878433,
            7.638133333333405,
            null
          ],
          "service": [
            null,
            7.554800000000071,
            null
          ]
        },
        {
          "id": 2,
          "route": [
            6,
            5,
            10,
            8,
            9
          ],
          "arrival": [
            null,
            15.02389177584319,
            15.20503266948848,
            16.763711463772026,
            16.914311183217713
          ],
          "departure": [
            14.918803763703805,
            15.123891775843191,
            16.617279757330763,
            16.863711463772027,
            null
          ],
          "service": [
            null,
            15.040558442509857,
            15.221699336155147,
            16.78037813043869,
            null
          ]
        },
        {
          "id": 3,
          "route": [
            9,
            2,
            4
          ],
          "arrival": [
            null,
            15.61612432822054,
            17.385776007500375
          ],
          "departure": [
            15.530340537357029,
            17.290887094671405,
            null
          ],
          "service": [
            null,
            15.632790994887218,
            null
          ]
        }
      ]
    }
  ]
}