{
  "weights": {
    "cost": 1.0,
    "tardiness": 0.0
  },
  "status": "Feasible",
  "objective": 11218.118868417889,
  "time": 35999.07526087761,
  "routes": [
    {
      "id": 1,
      "route": [
        0,
        3,
        19,
        6,
        9,
        1,
        7,
        15,
        14,
        18,
        8,
        17,
        10,
        2,
        20,
        4,
        5,
        12,
        21
      ],
      "arrival": [
        null,
        6.352809455080752,
        6.680875859452671,
        8.551517772185228,
        8.991818218683662,
        9.416480226879516,
        9.7020739345207,
        10.56797429816518,
        11.287886152274023,
        11.854833649480089,
        12.991166514414795,
        13.428039076751375,
        14.205318491546812,
        15.217355227361157,
        15.456810706569653,
        16.181422351972095,
        17.593495548024574,
        18.32643752107559,
        19.146003119398973
      ],
      "departure": [
        6.146003119398973,
        6.436142788414086,
        7.323733333334092,
        8.634851105518562,
        9.075151552016996,
        9.49981356021285,
        9.785407267854033,
        10.651307631498513,
        11.371219485607357,
        12.36323715053503,
        13.074499847748129,
        13.511372410084709,
        14.288651824880148,
        15.300688560694491,
        15.540144039902987,
        16.26475568530543,
        17.676828881357906,
        18.409770854408926,
        null
      ],
      "service": [
        null,
        6.352809455080752,
        7.2404,
        8.551517772185228,
        8.991818218683662,
        9.416480226879516,
        9.7020739345207,
        10.56797429816518,
        11.287886152274023,
        11.854833649480089,
        12.991166514414795,
        13.428039076751375,
        14.205318491546812,
        15.217355227361157,
        15.456810706569653,
        16.181422351972095,
        17.59349554802457,
        18.32643752107559,
        null
      ],
      "trips": [
        {
          "id": 1,
          "route": [
            3,
            13,
            19
          ],
          "arrival": [
            null,
            6.7341785182704506,
            7.307066666667424
          ],
          "departure": [
            6.352809455080752,
            6.834178518270452,
            null
          ],
          "service": [
            null,
            6.750845184937118,
            null
          ]
        },
        {
          "id": 2,
          "route": [
            14,
            16,
            18
          ],
          "arrival": [
            null,
            11.501434510247533,
            11.93638546197898
          ],
          "departure": [
            11.287886152274023,
            11.601434510247534,
            null
          ],
          "service": [
            null,
            11.5181011769142,
            null
          ]
        },
        {
          "id": 3,
          "route": [
            8,
            11,
            10
          ],
          "arrival": [
            null,
            13.427664073828574,
            14.27198515821348
          ],
          "departure": [
            13.074499847748129,
            13.938241849681312,
            null
          ],
          "service": [
            null,
            13.444330740495241,
            null
          ]
        }
      ]
    }
  ]
}