{
  "weights": {
    "cost": 1.0,
    "tardiness": 0.0
  },
  "status": "Feasible",
  "objective": 7610.014458900059,
  "time": 35999.86177635193,
  "routes": [
    {
      "id": 1,
      "route": [
        0,
        19,
        15,
        18,
        17,
        20,
        16,
        13,
        21
      ],
      "arrival": [
        null,
        1.2717246157258781,
        5.728292466468308,
        5.860925206361789,
        6.033552726995713,
        6.365126999901158,
        6.7305127250523755,
        6.925559059119075,
        7.799350469790006
      ],
      "departure": [
        0.44859915108388826,
        5.615733333333334,
        5.811625799801642,
        5.944258539695123,
        6.116886060329047,
        6.448460333234492,
        6.8138460583857094,
        7.008892392452409,
        null
      ],
      "service": [
        null,
        5.5324,
        5.728292466468308,
        5.860925206361789,
        6.033552726995713,
        6.365126999901158,
        6.7305127250523755,
        6.925559059119075,
        null
      ],
      "trips": []
    },
    {
      "id": 2,
      "route": [
        0,
        11,
        5,
        12,
        10,
        7,
        6,
        1,
        9,
        8,
        2,
        4,
        3,
        21
      ],
      "arrival": [
        null,
        6.48151425349895,
        10.438050137792978,
        10.631640071855223,
        10.761838049134578,
        10.914000710792235,
        11.123578813590287,
        11.465006790002086,
        11.735115587243502,
        11.882298683419073,
        12.07410764721637,
        12.301267603496912,
        12.49312763100513,
        13.886385191216817
      ],
      "departure": [
        5.051565504428482,
        10.344407555287809,
        10.521383471126311,
        10.714973405188557,
        10.845171382467912,
        10.99733404412557,
        11.206912146923614,
        11.54834012333542,
        11.818448920576836,
        11.965632016752407,
        12.157440980549705,
        12.384600936830246,
        12.576460964338466,
        null
      ],
      "service": [
        null,
        10.261074221954477,
        10.438050137792978,
        10.631640071855223,
        10.761838049134578,
        10.914000710792235,
        11.123578813590283,
        11.465006790002086,
        11.735115587243502,
        11.882298683419073,
        12.07410764721637,
        12.301267603496912,
        12.49312763100513,
        null
      ],
      "trips": [
        {
          "id": 1,
          "route": [
            0,
            14,
            21
          ],
          "arrival": [
            null,
            5.468333333333333,
            5.9851011622381485
          ],
          "departure": [
            5.051565504428482,
            5.568333333333298,
            null
          ],
          "service": [
            null,
            5.485,
            null
          ]
        }
      ]
    }
  ]
}