{
  "weights": {
    "cost": 1.0,
    "tardiness": 0.0
  },
  "status": "Feasible",
  "objective": 8263.395627982041,
  "time": 35999.51855015755,
  "routes": [
    {
      "id": 1,
      "route": [
        0,
        19,
        18,
        14,
        13,
        15,
        17,
        12,
        16,
        20,
        11,
        21
      ],
      "arrival": [
        null,
        1.4385112690186457,
        5.3309000000000015,
        5.478045772316692,
        5.66031979931166,
        5.854771338344788,
        6.136016589695792,
        6.527671706934864,
        6.733990704882315,
        6.937744538084061,
        7.105515473580867,
        8.525515082703459
      ],
      "departure": [
        0.0,
        5.231573155110622,
        5.4142333333333355,
        5.561379105650026,
        5.743653132644994,
        5.938104671678122,
        6.219349923029126,
        6.611005040268198,
        6.817324038215649,
        7.021077871417395,
        7.188848806914201,
        null
      ],
      "service": [
        null,
        5.148239821777288,
        5.3309000000000015,
        5.478045772316692,
        5.66031979931166,
        5.854771338344788,
        6.136016589695792,
        6.527671706934864,
        6.733990704882315,
        6.937744538084061,
        7.105515473580867,
        null
      ],
      "trips": []
    },
    {
      "id": 2,
      "route": [
        0,
        5,
        10,
        4,
        6,
        1,
        2,
        3,
        7,
        9,
        8,
        21
      ],
      "arrival": [
        null,
        0.9419006230480633,
        2.0164258693648094,
        6.98105254933602,
        7.894448909150238,
        8.157499999999999,
        8.328306830855606,
        8.555966238744888,
        8.75202304475239,
        8.894331889637364,
        9.23937425718318,
        10.172001453332976
      ],
      "departure": [
        0.0,
        1.6604333333333336,
        6.819233333333335,
        7.7674380637112925,
        7.977782242483572,
        8.240833333333335,
        8.41164016418894,
        8.639299572078217,
        8.835356378085724,
        8.977665222970698,
        9.322707590516513,
        null
      ],
      "service": [
        null,
        1.5771,
        6.7359,
        6.98105254933602,
        7.894448909150238,
        8.1575,
        8.328306830855606,
        8.555966238744883,
        8.75202304475239,
        8.894331889637364,
        9.23937425718318,
        null
      ],
      "trips": []
    }
  ]
}