{
  "weights": {
    "cost": 1.0,
    "tardiness": 0.0
  },
  "status": "Feasible",
  "objective": 14985.387829774985,
  "time": 35999.63820409775,
  "routes": [
    {
      "id": 1,
      "route": [
        0,
        14,
        6,
        8,
        5,
        1,
        18,
        20,
        3,
        13,
        17,
        9,
        2,
        10,
        21
      ],
      "arrival": [
        null,
        2.1781619540738824,
        5.4278304347433455,
        7.005926085609103,
        7.531706884818725,
        8.386839533790555,
        9.459944719567796,
        9.976550668196568,
        11.063015489974001,
        11.406225293626763,
        11.625960120115039,
        12.4397893569788,
        12.995624881327359,
        13.769199799860685,
        14.434873480829198
      ],
      "departure": [
        1.4348734808291983,
        4.589279683730602,
        5.511163768076679,
        7.0892594189424365,
        7.615040218152059,
        8.470172867123889,
        9.54327805290113,
        10.059884001529902,
        11.146348823307335,
        11.489558626960097,
        11.709293453448373,
        12.523122690312134,
        13.078958214660693,
        13.852533133194019,
        null
      ],
      "service": [
        null,
        2.1781619540738824,
        5.4278304347433455,
        7.005926085609103,
        7.531706884818725,
        8.386839533790555,
        9.459944719567796,
        9.976550668196568,
        11.063015489974001,
        11.406225293626763,
        11.625960120115039,
        12.4397893569788,
        12.995624881327359,
        13.769199799860685,
        null
      ],
      "trips": [
        {
          "id": 1,
          "route": [
            14,
            15,
            10
          ],
          "arrival": [
            null,
            5.031087919036873,
            13.78586646652735
          ],
          "departure": [
            4.589279683730602,
            13.403786782796747,
            null
          ],
          "service": [
            null,
            5.1072,
            null
          ]
        },
        {
          "id": 2,
          "route": [
            10,
            7,
            21
          ],
          "arrival": [
            null,
            13.989345312245517,
            14.533540982337975
          ],
          "departure": [
            13.769199799860685,
            14.089345312245518,
            null
          ],
          "service": [
            null,
            14.006011978912184,
            null
          ]
        }
      ]
    },
    {
      "id": 2,
      "route": [
        0,
        4,
        12,
        19,
        16,
        11,
        21
      ],
      "arrival": [
        null,
        1.2906683705448287,
        4.812443075521956,
        7.052068865388908,
        7.567705213034872,
        7.731274684660509,
        9.474867033940752
      ],
      "departure": [
        0.0,
        4.628833333333334,
        6.387933333333334,
        7.135402198722241,
        7.651038546368206,
        7.814608017993843,
        null
      ],
      "service": [
        null,
        4.5455,
        6.3046,
        7.052068865388908,
        7.567705213034872,
        7.731274684660509,
        null
      ],
      "trips": []
    }
  ]
}