{
  "weights": {
    "cost": 1.0,
    "tardiness": 0.0
  },
  "status": "Feasible",
  "objective": 14323.463997888914,
  "time": 35999.42814064026,
  "routes": [
    {
      "id": 1,
      "route": [
        0,
        14,
        3,
        1,
        7,
        6,
        11,
        17,
        15,
        12,
        21
      ],
      "arrival": [
        null,
        4.900901407926925,
        6.021403351993307,
        6.936827582615402,
        7.061335060309325,
        7.283212006798497,
        8.271592061649281,
        12.916666666666574,
        14.197295827619719,
        14.635912632557606,
        16.093849940112698
      ],
      "departure": [
        4.697669646531958,
        4.984234741260259,
        6.7829299655806405,
        7.020160915948736,
        7.144668393642659,
        7.366545340131831,
        10.92337475754205,
        12.999999999999908,
        14.280629160953053,
        14.71924596589094,
        null
      ],
      "service": [
        null,
        4.900901407926925,
        6.021403351993307,
        6.936827582615402,
        7.061335060309325,
        7.283212006798497,
        8.271592061649281,
        12.916666666666574,
        14.197295827619719,
        14.635912632557606,
        null
      ],
      "trips": [
        {
          "id": 1,
          "route": [
            3,
            13,
            1
          ],
          "arrival": [
            null,
            6.458728749968291,
            7.003494249282069
          ],
          "departure": [
            6.021403351993307,
            6.558728749968292,
            null
          ],
          "service": [
            null,
            6.475395416634958,
            null
          ]
        },
        {
          "id": 2,
          "route": [
            7,
            20,
            21
          ],
          "arrival": [
            null,
            7.707658976623428,
            8.039417057992432
          ],
          "departure": [
            7.061335060309325,
            7.807658976623429,
            null
          ],
          "service": [
            null,
            7.724325643290095,
            null
          ]
        }
      ]
    },
    {
      "id": 2,
      "route": [
        0,
        18,
        19,
        16,
        10,
        4,
        9,
        2,
        5,
        8,
        21
      ],
      "arrival": [
        null,
        1.9580736702591395,
        8.084600000000002,
        8.81633260439353,
        9.650356245925273,
        9.895508795261291,
        10.101033409692455,
        12.24670141022295,
        12.503517680824938,
        12.679457774389874,
        13.61208497053967
      ],
      "departure": [
        0.6120849705396694,
        6.421684962428886,
        8.167933333333334,
        8.899665937726864,
        9.733689579258607,
        9.978842128594625,
        12.231772810766072,
        12.330034743556284,
        12.586851014158272,
        12.762791107723208,
        null
      ],
      "service": [
        null,
        6.338351629095552,
        8.0846,
        8.81633260439353,
        9.650356245925273,
        9.895508795261291,
        12.148439477432738,
        12.24670141022295,
        12.503517680824938,
        12.679457774389874,
        null
      ],
      "trips": []
    }
  ]
}