{
  "weights": {
    "cost": 1.0,
    "tardiness": 0.0
  },
  "status": "Optimal",
  "objective": 6933.251506089189,
  "time": 30.206395387649536,
  "routes": [
    {
      "id": 1,
      "route": [
        0,
        6,
        7,
        9,
        3,
        2,
        1,
        4,
        5,
        10,
        11
      ],
      "arrival": [
        null,
        4.5365000000000215,
        5.897843970507681,
        7.997480385629937,
        8.947481079552368,
        9.258170601586631,
        9.622997722553247,
        9.752416767357602,
        10.05104314623754,
        10.463550478296455,
        13.814206500259548
      ],
      "departure": [
        2.928864689419365,
        4.619833333333355,
        7.221633333333334,
        8.08081371896327,
        9.030814412885702,
        9.341503934919965,
        9.706331055886581,
        9.835750100690936,
        10.134376479570873,
        13.05043420504886,
        null
      ],
      "service": [
        null,
        4.5365000000000215,
        7.1383,
        7.997480385629937,
        8.947481079552368,
        9.258170601586631,
        9.622997722553247,
        9.752416767357602,
        10.05104314623754,
        10.463550478296455,
        null
      ],
      "trips": [
        {
          "id": 1,
          "route": [
            0,
            8,
            10
          ],
          "arrival": [
            null,
            3.3627680729151237,
            13.033767538382193
          ],
          "departure": [
            2.928864689419365,
            12.735735619204576,
            null
          ],
          "service": [
            null,
            3.3794347395817894,
            null
          ]
        }
      ]
    }
  ]
}