{
  "weights": {
    "cost": 1.0,
    "tardiness": 0.0
  },
  "status": "Optimal",
  "objective": 2217.453302759273,
  "time": 35726.63221287727,
  "routes": [
    {
      "id": 1,
      "route": [
        0,
        6,
        7,
        3,
        1,
        4,
        10,
        5,
        11
      ],
      "arrival": [
        null,
        11.734363412414,
        11.976558903148819,
        12.137059181021169,
        12.321594315529179,
        12.73406373255782,
        12.966393498905513,
        13.233394361241233,
        13.893563855784386
      ],
      "departure": [
        11.219115990070406,
        11.817696745747334,
        12.059892236482153,
        12.220392514354502,
        12.6879780210868,
        12.817397065891154,
        13.167097748708988,
        13.316727694574567,
        null
      ],
      "service": [
        null,
        11.734363412414,
        11.976558903148819,
        12.137059181021169,
        12.604644687753465,
        12.73406373255782,
        12.966393498905513,
        13.233394361241233,
        null
      ],
      "trips": [
        {
          "id": 1,
          "route": [
            3,
            2,
            9,
            8,
            10
          ],
          "arrival": [
            null,
            12.291125311920375,
            12.474437473294302,
            12.768018055567275,
            12.949726832238845
          ],
          "departure": [
            12.137059181021169,
            12.391125311920376,
            12.574437473294303,
            12.868018055567276,
            null
          ],
          "service": [
            null,
            12.307791978587042,
            12.491104139960969,
            12.784684722233942,
            null
          ]
        }
      ]
    }
  ]
}