{
  "weights": {
    "cost": 1.0,
    "tardiness": 0.0
  },
  "status": "Optimal",
  "objective": 9563.33439306765,
  "time": 125.09886002540588,
  "routes": [
    {
      "id": 1,
      "route": [
        0,
        5,
        1,
        6,
        4,
        3,
        8,
        7,
        10,
        11
      ],
      "arrival": [
        null,
        4.854813853799946,
        6.111188740907572,
        7.1274000000000015,
        7.563815393981976,
        9.667440361597734,
        9.883814485635806,
        11.666028505014548,
        12.947830967543062,
        15.269003725825542
      ],
      "departure": [
        4.081844879951811,
        4.93814718713328,
        6.194522074240906,
        7.210733333333335,
        7.64714872731531,
        9.750773694931068,
        9.96714781896914,
        11.749361838347882,
        14.576939122925936,
        null
      ],
      "service": [
        null,
        4.854813853799946,
        6.111188740907572,
        7.1274000000000015,
        7.563815393981976,
        9.667440361597734,
        9.883814485635806,
        11.666028505014548,
        14.493605789592602,
        null
      ],
      "trips": [
        {
          "id": 1,
          "route": [
            0,
            2,
            5
          ],
          "arrival": [
            null,
            4.518679124104105,
            4.919661432140481
          ],
          "departure": [
            4.081844879951811,
            4.618679124104107,
            null
          ],
          "service": [
            null,
            4.535345790770773,
            null
          ]
        },
        {
          "id": 2,
          "route": [
            10,
            9,
            11
          ],
          "arrival": [
            null,
            13.408103423802329,
            13.85363168052321
          ],
          "departure": [
            12.947830967543062,
            13.50810342380233,
            null
          ],
          "service": [
            null,
            13.424770090468996,
            null
          ]
        }
      ]
    }
  ]
}