{
  "weights": {
    "cost": 1.0,
    "tardiness": 0.0
  },
  "status": "Feasible",
  "objective": 3812.986183031986,
  "time": 44311.91114091873,
  "routes": [
    {
      "id": 1,
      "route": [
        0,
        10,
        7,
        3,
        1,
        6,
        9,
        8,
        4,
        2,
        11
      ],
      "arrival": [
        null,
        7.201799999999999,
        7.336588363122381,
        12.467162451046963,
        12.593595091680191,
        12.742314333425238,
        12.877186326853263,
        13.19021374302277,
        15.789530870474437,
        17.735342471584246,
        18.97638070737115
      ],
      "departure": [
        5.976380707371149,
        7.285133333333334,
        12.38201219694702,
        12.550495784380297,
        12.676928425013525,
        12.825647666758572,
        13.01124700043211,
        15.584997036330051,
        17.49539186503518,
        17.818675804917582,
        null
      ],
      "service": [
        null,
        7.2018,
        7.336588363122381,
        12.467162451046963,
        12.593595091680191,
        12.742314333425238,
        12.927913667098776,
        15.501663702996717,
        17.412058531701845,
        17.735342471584246,
        null
      ],
      "trips": [
        {
          "id": 1,
          "route": [
            9,
            5,
            8
          ],
          "arrival": [
            null,
            13.015384880831036,
            13.173547076356103
          ],
          "departure": [
            12.877186326853263,
            13.115384880831037,
            null
          ],
          "service": [
            null,
            13.032051547497703,
            null
          ]
        }
      ]
    }
  ]
}