{
  "weights": {
    "cost": 1.0,
    "tardiness": 0.0
  },
  "status": "Optimal",
  "objective": 8946.64719689266,
  "time": 12.522587060928345,
  "routes": [
    {
      "id": 1,
      "route": [
        0,
        4,
        8,
        7,
        2,
        1,
        5,
        10,
        3,
        6,
        11
      ],
      "arrival": [
        null,
        7.001665301156505,
        8.386727744990356,
        10.41099001400504,
        11.256160459808592,
        12.306527085917782,
        12.916666666666666,
        13.39281318380377,
        14.142119398471069,
        14.537706069153895,
        19.483534237702933
      ],
      "departure": [
        6.483534237702932,
        7.084998634489839,
        8.470061078323692,
        10.494323347338376,
        11.339493793141926,
        12.389860419251116,
        13.0,
        13.476146517137105,
        14.225452731804403,
        18.465791487208783,
        null
      ],
      "service": [
        null,
        7.001665301156505,
        8.386727744990358,
        10.410990014005042,
        11.256160459808592,
        12.306527085917782,
        12.916666666666666,
        13.39281318380377,
        14.142119398471069,
        14.537706069153895,
        null
      ],
      "trips": [
        {
          "id": 1,
          "route": [
            0,
            9,
            11
          ],
          "arrival": [
            null,
            6.845194917821365,
            19.466867571036268
          ],
          "departure": [
            6.483534237702932,
            19.105206890917835,
            null
          ],
          "service": [
            null,
            7.021873557584498,
            null
          ]
        }
      ]
    }
  ]
}