{
  "weights": {
    "cost": 1.0,
    "tardiness": 0.0
  },
  "status": "Optimal",
  "objective": 9542.654282787233,
  "time": 61.48743724822998,
  "routes": [
    {
      "id": 1,
      "route": [
        0,
        9,
        6,
        7,
        1,
        3,
        5,
        4,
        2,
        8,
        10,
        11
      ],
      "arrival": [
        null,
        9.570518658958738,
        10.409454094517319,
        15.402581001193365,
        15.683307965580248,
        15.80974060621347,
        16.228513428514148,
        16.57580975870668,
        16.899093698589077,
        18.23565450399003,
        19.90433208794021,
        21.064096927234786
      ],
      "departure": [
        8.328425086869945,
        9.65385199229207,
        13.352471652094943,
        15.485914334526695,
        15.766641298913578,
        15.893073939546802,
        16.311846761847477,
        16.65914309204001,
        16.982427031922413,
        18.31898783732336,
        19.987665421273547,
        null
      ],
      "service": [
        null,
        9.570518658958736,
        13.269138318761609,
        15.402581001193361,
        15.683307965580244,
        15.809740606213468,
        16.228513428514145,
        16.57580975870668,
        16.899093698589077,
        18.235654503990027,
        19.90433208794021,
        null
      ],
      "trips": []
    }
  ]
}