{
  "weights": {
    "cost": 1.0,
    "tardiness": 0.0
  },
  "status": "Feasible",
  "objective": 2914.1001948500652,
  "time": 35999.92051696777,
  "routes": [
    {
      "id": 1,
      "route": [
        0,
        2,
        9,
        8,
        5,
        10,
        6,
        7,
        11
      ],
      "arrival": [
        null,
        0.8890068801016184,
        7.02523987690137,
        7.241333888130818,
        8.260051657065134,
        8.406114311264947,
        8.528714500583845,
        8.659682680277449,
        9.548600398784606
      ],
      "departure": [
        0.0,
        6.745333333333333,
        7.108573210234704,
        8.051333333333334,
        8.343384990398468,
        8.48944764459828,
        8.61204783391718,
        8.815536857902407,
        null
      ],
      "service": [
        null,
        6.662,
        7.02523987690137,
        7.968,
        8.260051657065134,
        8.406114311264947,
        8.528714500583845,
        8.659682680277449,
        null
      ],
      "trips": [
        {
          "id": 1,
          "route": [
            9,
            1,
            3,
            8
          ],
          "arrival": [
            null,
            7.0803718304008125,
            7.317036665414385,
            7.488637610549242
          ],
          "departure": [
            7.02523987690137,
            7.180371830400814,
            7.4170366654143844,
            null
          ],
          "service": [
            null,
            7.097038497067482,
            7.333703332081052,
            null
          ]
        },
        {
          "id": 2,
          "route": [
            6,
            4,
            7
          ],
          "arrival": [
            null,
            8.620860528356983,
            8.79887019123574
          ],
          "departure": [
            8.528714500583845,
            8.720860528356985,
            null
          ],
          "service": [
            null,
            8.637527195023653,
            null
          ]
        }
      ]
    }
  ]
}