{
  "weights": {
    "cost": 1.0,
    "tardiness": 0.0
  },
  "status": "Optimal",
  "objective": 9098.617222258727,
  "time": 11.887976169586182,
  "routes": [
    {
      "id": 1,
      "route": [
        0,
        4,
        7,
        10,
        2,
        6,
        9,
        8,
        5,
        11
      ],
      "arrival": [
        null,
        3.301527345706214,
        7.4321355301190515,
        8.313269244333448,
        9.194684269745897,
        10.058032643601234,
        11.24731266948165,
        13.33339510023821,
        14.765047473531359,
        15.514037626727252
      ],
      "departure": [
        2.8086577480790886,
        6.608433333333336,
        7.515468863452389,
        8.582419411241393,
        9.278017603079231,
        10.141365976934567,
        11.330646002814984,
        13.416728433571544,
        14.963911619435551,
        null
      ],
      "service": [
        null,
        6.5251,
        7.4321355301190515,
        8.499086077908059,
        9.194684269745897,
        10.058032643601234,
        11.24731266948165,
        13.33339510023821,
        14.765047473531359,
        null
      ],
      "trips": [
        {
          "id": 1,
          "route": [
            10,
            1,
            2
          ],
          "arrival": [
            null,
            8.692770897282088,
            9.261350936412564
          ],
          "departure": [
            8.313269244333448,
            8.792770897282088,
            null
          ],
          "service": [
            null,
            8.709437563948756,
            null
          ]
        },
        {
          "id": 2,
          "route": [
            5,
            3,
            11
          ],
          "arrival": [
            null,
            15.083838891053887,
            15.497370960060584
          ],
          "departure": [
            14.765047473531359,
            15.183838891053888,
            null
          ],
          "service": [
            null,
            15.100505557720554,
            null
          ]
        }
      ]
    }
  ]
}