{
  "weights": {
    "cost": 1.0,
    "tardiness": 0.0
  },
  "status": "Optimal",
  "objective": 5592.596970515761,
  "time": 733.7287893295288,
  "routes": [
    {
      "id": 1,
      "route": [
        0,
        4,
        3,
        1,
        2,
        10,
        7,
        6,
        8,
        9,
        11
      ],
      "arrival": [
        null,
        0.8202014855616486,
        8.309983645223097,
        8.623831716595783,
        8.989608892362927,
        9.417170468899826,
        10.111600433102957,
        10.235398788221724,
        10.60693475714616,
        11.989373085276661,
        13.016666666666667
      ],
      "departure": [
        0.01666666666731409,
        8.072084690390485,
        8.393316978556431,
        8.707165049929117,
        9.072942225696261,
        9.50050380223316,
        10.194933766436291,
        10.318732121555058,
        10.690268090479494,
        12.072706418609995,
        null
      ],
      "service": [
        null,
        2.0803,
        8.309983645223097,
        8.623831716595783,
        8.989608892362927,
        9.417170468899826,
        10.111600433102957,
        10.235398788221724,
        10.60693475714616,
        11.989373085276661,
        null
      ],
      "trips": [
        {
          "id": 1,
          "route": [
            4,
            5,
            2
          ],
          "arrival": [
            null,
            1.1580333333333321,
            8.97294222569626
          ],
          "departure": [
            1.0632937382344547,
            8.848567787263264,
            null
          ],
          "service": [
            null,
            1.1747,
            null
          ]
        }
      ]
    }
  ]
}