{
  "weights": {
    "cost": 1.0,
    "tardiness": 0.0
  },
  "status": "Optimal",
  "objective": 9963.557893863997,
  "time": 162.49502682685852,
  "routes": [
    {
      "id": 1,
      "route": [
        0,
        9,
        10,
        6,
        7,
        5,
        4,
        2,
        3,
        8,
        11
      ],
      "arrival": [
        null,
        14.026801173079164,
        17.825503663638628,
        20.71775062389466,
        22.973238933993088,
        23.503109091739873,
        23.786438441408926,
        24.01359839768947,
        24.574118051875992,
        24.99272383130419,
        26.050708945421025
      ],
      "departure": [
        13.050708945421025,
        16.632454449969654,
        17.908836996971964,
        20.801083957227995,
        23.05657226732642,
        23.58644242507321,
        23.86977177474226,
        24.382837858635206,
        24.657451385209328,
        25.076057164637525,
        null
      ],
      "service": [
        null,
        16.54912111663632,
        17.825503663638628,
        20.71775062389466,
        22.973238933993088,
        23.503109091739873,
        23.786438441408926,
        24.01359839768947,
        24.574118051875992,
        24.99272383130419,
        null
      ],
      "trips": [
        {
          "id": 1,
          "route": [
            4,
            1,
            2
          ],
          "arrival": [
            null,
            24.094464640255694,
            24.36617119196854
          ],
          "departure": [
            23.86977177474226,
            24.194464640255696,
            null
          ],
          "service": [
            null,
            24.11113130692236,
            null
          ]
        }
      ]
    }
  ]
}