{
  "weights": {
    "cost": 1.0,
    "tardiness": 0.0
  },
  "status": "Feasible",
  "objective": 4399.866759843081,
  "time": 35999.056706905365,
  "routes": [
    {
      "id": 1,
      "route": [
        0,
        3,
        4,
        10,
        5,
        6,
        1,
        9,
        8,
        2,
        11
      ],
      "arrival": [
        null,
        1.3099242268783513,
        3.1214,
        3.2732380308441464,
        6.825022804550324,
        8.413001934424326,
        8.754429910836134,
        9.02453870807755,
        9.171721804253123,
        9.36353076805042,
        10.988800860308537
      ],
      "departure": [
        0.0,
        3.0128733058251154,
        3.204733333333334,
        6.693531485725417,
        8.255560267116135,
        8.49633526775766,
        8.837763244169468,
        9.107872041410884,
        9.255055137586456,
        9.487596440189398,
        null
      ],
      "service": [
        null,
        2.9295399724917814,
        3.1214,
        6.610198152392083,
        6.825022804550324,
        8.413001934424326,
        8.754429910836134,
        9.02453870807755,
        9.171721804253123,
        9.36353076805042,
        null
      ],
      "trips": [
        {
          "id": 1,
          "route": [
            10,
            7,
            5
          ],
          "arrival": [
            null,
            6.235633333333331,
            6.808356137883655
          ],
          "departure": [
            6.186335650611323,
            6.731349908371678,
            null
          ],
          "service": [
            null,
            6.2523,
            null
          ]
        }
      ]
    }
  ]
}