{
  "weights": {
    "cost": 1.0,
    "tardiness": 0.0
  },
  "status": "Optimal",
  "objective": 8997.909817868624,
  "time": 21.00913143157959,
  "routes": [
    {
      "id": 1,
      "route": [
        0,
        3,
        5,
        4,
        2,
        10,
        8,
        7,
        1,
        9,
        6,
        11
      ],
      "arrival": [
        null,
        8.095979153780666,
        9.387068730670999,
        10.799141926723477,
        11.679875718001087,
        12.69191245381543,
        13.237205108433114,
        14.720815299424098,
        15.006409007065283,
        15.431071015261134,
        15.871371461759566,
        17.22041596930084
      ],
      "departure": [
        7.889172818098887,
        8.179312487114,
        9.470402064004332,
        10.882475260056811,
        11.763209051334421,
        12.775245787148764,
        13.320538441766448,
        14.804148632757432,
        15.089742340398617,
        15.514404348594468,
        15.9547047950929,
        null
      ],
      "service": [
        null,
        8.095979153780666,
        9.387068730670999,
        10.799141926723477,
        11.679875718001087,
        12.69191245381543,
        13.237205108433114,
        14.720815299424098,
        15.006409007065283,
        15.431071015261134,
        15.871371461759566,
        null
      ],
      "trips": []
    }
  ]
}