{
  "weights": {
    "cost": 1.0,
    "tardiness": 0.0
  },
  "status": "Optimal",
  "objective": 7771.534620572878,
  "time": 1074.2775588035583,
  "routes": [
    {
      "id": 1,
      "route": [
        0,
        9,
        2,
        4,
        3,
        6,
        8,
        10,
        7,
        11
      ],
      "arrival": [
        null,
        2.8751999999999995,
        8.2572,
        8.477653213888042,
        8.778889676287394,
        10.28417334584707,
        11.582266790965937,
        13.641427749258071,
        14.08004455419596,
        15.671968238605032
      ],
      "departure": [
        2.6719682386050323,
        7.364357463822902,
        8.340533333333333,
        8.617931873602036,
        9.353306483847952,
        10.367506679180403,
        11.66560012429927,
        13.724761082591407,
        14.297364264383276,
        null
      ],
      "service": [
        null,
        2.8752,
        8.2572,
        8.534598540268702,
        9.269973150514618,
        10.28417334584707,
        11.582266790965937,
        13.641427749258073,
        14.198616580286563,
        null
      ],
      "trips": [
        {
          "id": 1,
          "route": [
            2,
            1,
            4
          ],
          "arrival": [
            null,
            8.398681527868042,
            8.601265206935368
          ],
          "departure": [
            8.340533333333333,
            8.498681527868044,
            null
          ],
          "service": [
            null,
            8.41534819453471,
            null
          ]
        },
        {
          "id": 2,
          "route": [
            4,
            5,
            3
          ],
          "arrival": [
            null,
            8.659348641308014,
            8.91759792680214
          ],
          "departure": [
            8.477653213887315,
            8.759348641308016,
            null
          ],
          "service": [
            null,
            8.676015307974682,
            null
          ]
        }
      ]
    }
  ]
}