{
  "weights": {
    "cost": 1.0,
    "tardiness": 0.0
  },
  "status": "Feasible",
  "objective": 3343.9230500905123,
  "time": 35999.2123234272,
  "routes": [
    {
      "id": 1,
      "route": [
        0,
        8,
        5,
        1,
        7,
        3,
        6,
        4,
        10,
        2,
        11
      ],
      "arrival": [
        null,
        3.2665000000000006,
        3.4424400935649526,
        4.634635465378523,
        11.98198990987496,
        12.178046715882466,
        12.295327006462212,
        12.505671185234492,
        12.75082373457051,
        13.016666666666667,
        14.196074297572068
      ],
      "departure": [
        2.4172061371835394,
        3.3498333333333488,
        4.490033333333333,
        11.94081576551437,
        12.065323243208294,
        12.2613800492158,
        12.378660339795546,
        12.589004518567826,
        12.834157067903845,
        13.100000000000001,
        null
      ],
      "service": [
        null,
        3.2665,
        4.4067,
        6.7619,
        11.98198990987496,
        12.178046715882466,
        12.295327006462212,
        12.505671185234492,
        12.75082373457051,
        13.016666666666667,
        null
      ],
      "trips": [
        {
          "id": 1,
          "route": [
            7,
            9,
            2
          ],
          "arrival": [
            null,
            12.06222444430633,
            12.186029382326176
          ],
          "departure": [
            12.016666666666666,
            12.16222444430633,
            null
          ],
          "service": [
            null,
            12.078891110972997,
            null
          ]
        }
      ]
    }
  ]
}