{
  "weights": {
    "cost": 1.0,
    "tardiness": 0.0
  },
  "status": "Optimal",
  "objective": 8800.982900081972,
  "time": 123.33426260948181,
  "routes": [
    {
      "id": 1,
      "route": [
        0,
        4,
        9,
        2,
        7,
        1,
        5,
        8,
        6,
        11
      ],
      "arrival": [
        null,
        10.919495652058806,
        12.058953466353808,
        12.614788990702367,
        13.172286335300036,
        14.623655248587571,
        15.478787897559402,
        16.004568696769024,
        17.58266434763478,
        18.72356364574084
      ],
      "departure": [
        9.628827281513978,
        11.00282898539214,
        12.142286799687142,
        12.698122324035701,
        13.452740715134183,
        14.706988581920905,
        15.562121230892735,
        16.087902030102356,
        17.66599768096811,
        null
      ],
      "service": [
        null,
        10.919495652058806,
        12.058953466353808,
        12.614788990702367,
        13.36940738180085,
        14.623655248587571,
        15.478787897559402,
        16.004568696769024,
        17.58266434763478,
        null
      ],
      "trips": [
        {
          "id": 1,
          "route": [
            2,
            3,
            7
          ],
          "arrival": [
            null,
            12.948556998112249,
            13.436074048467516
          ],
          "departure": [
            12.614788990702367,
            13.04855699811225,
            null
          ],
          "service": [
            null,
            12.965223664778916,
            null
          ]
        },
        {
          "id": 2,
          "route": [
            7,
            10,
            11
          ],
          "arrival": [
            null,
            13.392431847684866,
            13.78490542791141
          ],
          "departure": [
            13.172286335300035,
            13.492431847684866,
            null
          ],
          "service": [
            null,
            13.409098514351534,
            null
          ]
        }
      ]
    }
  ]
}